ESTADO FOTO,EXISTENCIA,CÓDIGO DÍA,ID SAP,SKU INTL,ARTÍCULO,DESCRIPCIÓN SAP,HOMOLOGADO,PRIORIDAD,COINCIDENCIA STOCK,FOTO,LOTE,COINCIDENCIA FOTO
CON FOTO,30824,16807,153719,,Vaso Rewards,VASO/TAPA 16OZ REUSABLE REWARDS CJ52PZAS,NO,ACTIVO,Vaso Rewards,lote-01/16807.jpeg,lote-01,codigoDia
CON FOTO,27933,11372,149317,,ESS Reusable cup,VASO/TAPA 16OZ REUSABLE CJ216PZAS,NO,ACTIVO,ESS Reusable cup,lote-01/11372.jpeg,lote-01,codigoDia
CON FOTO,11460,16920,154180,11178935,SII26Tu10Gam,78935 C1P SM26 PLSTC TMBLR GMRS 10OZ,NO,ACTIVO,SII26Tu10Gam,lote-01/011178935.jpeg,lote-01,skuIntl
CON FOTO,10598,16078,149784,NA,Lifestyle SBX Genérico,MANGA SILICON P/VASO CELEBRACION CJ25PZA,SÍ,ACTIVO,Lifestyle SBX Genérico,lote-01/16078.jpeg,lote-01,codigoDia
CON FOTO,8628,16910,154170,11178969,WC26SS16Pink,78969 C2P SM26 SS VAC TMBLR 16OZ,NO,ACTIVO,WC26SS16Pink,lote-01/011178969.jpeg,lote-01,skuIntl
CON FOTO,8447,16882,154148,11178930,WC26CC24Pride,78930 C2P SM26 PLSTC HTCLD CUP PRD 24OZ,NO,ACTIVO,WC26CC24Pride,lote-01/011178930.jpeg,lote-01,skuIntl
CON FOTO,8390,16880,154146,11178928,WC26CC24Road,78928 C2P SM26 PLSTC HTCLD CUP 24OZ,NO,ACTIVO,WC26CC24Road,lote-01/011178928.jpeg,lote-01,skuIntl
CON FOTO,7842,16884,154150,11178934,SII26CC24GID,78934 C2P SM26 PLSTC CLDCP GID 24OZ,NO,ACTIVO,SII26CC24GID,lote-01/16884.jpeg,lote-01,codigoDia
CON FOTO,7841,16916,154176,11178956,SII26Quencher30P,78956 C1P SM26 RCLD SS TMBLR STNLY 30OZ,NO,ACTIVO,SII26Quencher30P,lote-01/011178956.jpeg,lote-01,skuIntl
CON FOTO,7663,16999,156348,11186659,SII26BTLSS20,86659 C2P FL26 SS WTRBTL TWST SP 20OZ,NO,ACTIVO,SII26BTLSS20,lote-01/011186659.jpeg,lote-01,skuIntl
CON FOTO,7661,16998,156347,11186658,SII26SS20Hand,86658 C2P FL26 SS TMBLR PLL HNDL 20OZ,NO,ACTIVO,SII26SS20Hand,lote-01/011186658.jpeg,lote-01,skuIntl
CON FOTO,7458,14928,149515,11141095,COR23 Cold Brew,41095 C1P CORE GLASS COLD BREW MAKER,NO,ACTIVO,COR23 Cold Brew,lote-01/14928.jpeg,lote-01,codigoDia
CON FOTO,7448,16997,156346,11186646,SII26SS12Charm,86646 C2P FL26 SS TMBLR CHRM JOY 12OZ,NO,ACTIVO,SII26SS12Charm,lote-01/011186646.jpeg,lote-01,skuIntl
CON FOTO,7404,16906,154167,11179005,WC26SS30Pride,79005 C1P SM26 SS VAC COLD TO GO 30OZ,NO,ACTIVO,WC26SS30Pride,lote-01/011179005.jpeg,lote-01,skuIntl
CON FOTO,7384,15857,149714,11157547,CCup Acero SBX Genérico,57547 C2P CORE SS CLDCP SFTC IVORY 24 OZ,SÍ,ACTIVO,"CCup Acero SBX Genérico, SII26SSCC24White",lote-01/15857.jpeg,lote-01,codigoDia
CON FOTO,7252,14927,149514,11141041,COR23 Pour Over,41041 C1P CORE POUR OVER,NO,ACTIVO,COR23 Pour Over,lote-01/14927.jpeg,lote-01,codigoDia
CON FOTO,7232,16901,154162,11178937,WC26Mug12Stan,78937 C1P SM26 VAC MUG STANLEY CAMP 12OZ,NO,ACTIVO,WC26Mug12Stan,lote-01/011178937.jpeg,lote-01,skuIntl
CON FOTO,7181,16913,161734,11178946,WC26SS20Twist,78946 C2P SM26 SS VAC WTR BTL TWIST,NO,ACTIVO,WC26SS20Twist,lote-01/011178946.jpg,lote-01,skuIntl
CON FOTO,7145,16925,154185,11178973,WC26SS16Lid,78973 C2P SM26 SS TMBLR DRNK THRLD 16OZ,NO,ACTIVO,WC26SS16Lid,lote-01/011178973.jpg,lote-01,skuIntl
CON FOTO,6561,16875,154141,11178952,WC26SSCC24Grad,78952 C2P SM26 SS VAC CLD CUP GRDNT 24OZ,NO,ACTIVO,WC26SSCC24Grad,lote-01/011178952.jpeg,lote-01,skuIntl
CON FOTO,6131,16995,156344,11186650,SII26SS16Pleat,86650 C2P FL26 SS TMBLR PLTD 16OZ,NO,ACTIVO,SII26SS16Pleat,lote-01/011186650.jpeg,lote-01,skuIntl
CON FOTO,5063,16900,154161,11178941,SII26SS16Studded,78941 C2P SM26 SS TMBLR THRLD STDED 16OZ,NO,ACTIVO,SII26SS16Studded,lote-01/011178941.jpeg,lote-01,skuIntl
CON FOTO,4708,16879,154145,11178922,WC26Tu16Flower,78922 C2P SM26 PLSTC TMBLR SWIRL 16OZ,NO,ACTIVO,WC26Tu16Flower,lote-01/011178922.jpeg,lote-01,skuIntl
CON FOTO,4549,16923,154183,11178918,WC26Gl20Silicone,78918 C1P SM26 GLSS CDCP SLCN BOOT 20OZ,NO,ACTIVO,WC26Gl20Silicone,lote-01/16923.jpeg,lote-01,codigoDia
CON FOTO,4493,16911,154171,11178971,WC26SS16Charm,78971 C2P SM26 SS VAC TMBLR CHRM 16OZ,NO,ACTIVO,WC26SS16Charm,lote-01/011178971.jpeg,lote-01,skuIntl
CON FOTO,4307,16896,154157,11178970,Sp26SSCC16Band,78970 C2P SM26 SS CDCP BND THR LD 16OZ,NO,ACTIVO,Sp26SSCC16Band,lote-01/16896.jpeg,lote-01,codigoDia
CON FOTO,4192,16531,150033,NA,Sp26NEBlack,KIT GORRA NEGRA Y BLANCA NE CJ8PZAS,NO,ACTIVO,"Sp26NEBlack, Sp26NEWhite",lote-01/16531.jpeg,lote-01,codigoDia
CON FOTO,4002,16918,154178,11178943,Sp26SS20Orange,78943 C2P SM26 SS VAC WTR BTL SHLL 20OZ,NO,ACTIVO,Sp26SS20Orange,lote-01/011178943.jpeg,lote-01,skuIntl
CON FOTO,3238,16955,155959,NA,WC26NESBX,GORRA BLANCA Y NEGRA NE SBX CJ10PZAS,NO,ACTIVO,"WC26NESBX, WC26NESiren",lote-01/16955.jpeg,lote-01,codigoDia
CON FOTO,3017,16898,154159,11178938,Sp26Tu16Mom,78938 C1P SM26 SS TMBLR DODL IT MOM 16OZ,NO,ACTIVO,Sp26Tu16Mom,lote-01/011178938.jpeg,lote-01,skuIntl
CON FOTO,2803,16915,154175,11178948,WC26StanHand20,78948 C1P SM26 RCLD SS TMBLR STNLY 20OZ,NO,ACTIVO,WC26StanHand20,lote-01/011178948.jpeg,lote-01,skuIntl
CON FOTO,2790,16919,154179,11178957,WC26StanQuen30,78957 C1P SM26 RCLD SS TMBLR STNLY 30OZ,NO,ACTIVO,WC26StanQuen30,lote-01/011178957_1.jpg,lote-01,skuIntl
CON FOTO,2589,16681,152611,11170174,DiscCC24MxPais,70174 C2P DIS PLSTC CLCP MEXICO 24OZ,NO,ACTIVO,DiscCC24MxPais,lote-01/011170174.jpeg,lote-01,skuIntl
CON FOTO,2529,16924,154184,11178945,WC26Stan20IceF,78945 C1P SM26 SS VAC TMBLR STNLY 20OZ,NO,ACTIVO,WC26Stan20IceF,lote-01/011178945.jpeg,lote-01,skuIntl
CON FOTO,2521,16378,149967,NA,COR25CircCup,40848 C8P VASO REUS RECYCLED COFFEE 12OZ,NO,ACTIVO,COR25CircCup,lote-01/16378.jpeg,lote-01,codigoDia
CON FOTO,2297,16977,155974,,IMÁN MÉXICO,IMAN BEARISTA MEXICO CJ15PZAS,NO,ACTIVO,ImánMexico,lote-01/16977.jpeg,lote-01,codigoDia
CON FOTO,2034,16877,154143,11178954,Sp26SSCC24CarryC,78954 C1P SM26 SS VAC HTCLD CUP 24OZ,NO,ACTIVO,Sp26SSCC24CarryC,lote-01/16877.jpeg,lote-01,codigoDia
CON FOTO,1973,16897,154158,11178959,WC26CCSS24Puffy,78959 C2P SM26 SS CDCP PFFY GRDNT 24OZ,NO,ACTIVO,WC26CCSS24Puffy,lote-01/011178959.jpeg,lote-01,skuIntl
CON FOTO,1508,16610,152547,11179880,SII26SS16Resort,79880 C1P SS TBLR BEARISTA RESORT 16OZ,NO,ACTIVO,SII26SS16Resort,lote-01/16610.jpeg,lote-01,codigoDia
CON FOTO,1358,14885,150092,11141050,COR23 Tz14 Rain,41050 C2P CORE CERMC MUG RAINBOW 14OZ,NO,ACTIVO,COR23 Tz14 Rain,lote-01/14885.jpeg,lote-01,codigoDia
CON FOTO,1294,16664,152594,11176710,Sp26CC24Dome,76710 C2P SP26 PLSTC CDCP DMLD 24OZ,NO,ACTIVO,Sp26CC24Dome,lote-01/011176710.jpeg,lote-01,skuIntl
CON FOTO,1243,16777,154120,11179885,SII26BTL20Resort,79885 C2P SM126 WTBL BEAR RB 20OZ,NO,ACTIVO,SII26BTL20Resort,lote-01/16777.jpeg,lote-01,codigoDia
CON FOTO,1208,16312,149939,11160995,COR26BTL20,60995 C2P CORE SS WTR BTL BEIGE 20OZ,NO,ACTIVO,COR26BTL20,lote-01/16312.jpeg,lote-01,codigoDia
CON FOTO,1205,16720,152968,11176587,SII26SSCC16Pony,76587 C1P WN26 CCUP SS PONY 16OZ,NO,ACTIVO,SII26SSCC16Pony,lote-01/16720.jpeg,lote-01,codigoDia
CON FOTO,1180,16922,154182,11178919,Sp26Mug14Mom,78919 C2P SM26 STN MOM MUG 14OZ,NO,ACTIVO,Sp26Mug14Mom,lote-01/011178919.jpeg,lote-01,skuIntl
CON FOTO,1097,16719,152967,11176586,SII26SSCC20Pony,76586 C1P WN26 CCUP SS PONIES 20OZ,NO,ACTIVO,SII26SSCC20Pony,lote-01/16719.jpeg,lote-01,codigoDia
CON FOTO,854,16688,152618,11170147,Disc2ozMxPais,70147 C4P DIS STN MUG MEXICO 2OZ,NO,ACTIVO,Disc2ozMxPais,lote-01/011170147.jpeg,lote-01,skuIntl
CON FOTO,732,16550,150047,11174776,Wt26Mug14Bow,74776 C2P W26 STN MUG BOW 14OZ,NO,ACTIVO,Wt26Mug14Bow,lote-01/16550.jpeg,lote-01,codigoDia
CON FOTO,725,16532,150034,NA,Sp26NELlavero,KIT POUCH Y LLAVERO NE CJ4PZAS,NO,ACTIVO,"Sp26NECrossB, Sp26NELlavero",lote-01/16532.jpeg,lote-01,codigoDia
CON FOTO,576,16643,152573,11170102,DiscoveryCDMX,70102 C4P DIS STN MUG CDMX 14OZ,NO,ACTIVO,DiscoveryCDMX,lote-01/011170102.jpeg,lote-01,skuIntl
CON FOTO,315,16601,152541,11170187,ToteBag MxPais,70187 P2P TOTE BAG MEXICO,NO,ACTIVO,ToteBag MxPais,lote-01/011170187.jpeg,lote-01,skuIntl
CON FOTO,278,16689,152619,11170149,Disc2ozCDMX,70149 C4P DIS STN MUG CDMX 2OZ,NO,ACTIVO,Disc2ozCDMX,lote-01/011170149.jpeg,lote-01,skuIntl
CON FOTO,53,16684,152614,11170158,Disc2ozChiapas,70158 C4P DIS STN MUG CHIAPAS 2OZ,NO,ACTIVO,Disc2ozChiapas,lote-01/011170158.jpeg,lote-01,skuIntl
CON FOTO,47,16959,155961,11187372,WC26Tu24DW,87372 C2P WC26 PLSTC CDCP FOOTBALL 24OZ,NO,ACTIVO,WC26Tu24DW,lote-01/16959.jpeg,lote-01,codigoDia
CON FOTO,0,16881,154147,11178933,SII25CC24Gamer,78933 C2P SM26 PLSTC CLDCP GMR CHRM 24OZ,NO,SECUNDARIO,,lote-01/011178933.jpeg,lote-01,skuIntl
CON FOTO,0,17357,159943,,SII26GlCCColor,VASO VDR SODA TRANSP SBX 470ML CJ1PZA,NO,SECUNDARIO,,lote-01/017357.jpeg,lote-01,codigoDia
CON FOTO,0,17358,159944,,SII26GlCCColor,VASO VDR SODA NARANJA SBX 470ML CJ1PZA,NO,SECUNDARIO,,lote-01/017358.jpeg,lote-01,codigoDia
CON FOTO,0,17359,159945,,SII26GlCCColor,VASO VDR SODA ROJO SBX 470ML CJ1PZA,NO,SECUNDARIO,,lote-01/017359.jpeg,lote-01,codigoDia
FALTA FOTO,12340,15146,149531,NA,Stoppers SBX Genérico,TAPON P/VASO SOFT PVC C/DISENO CJ50PZAS,SÍ,ACTIVO,Stoppers SBX Genérico,,,
FALTA FOTO,12340,15153,150402,,Stoppers SBX Genérico,TAPON P/POPOTE SILICONA CJ100PZAS,SÍ,ACTIVO,Stoppers SBX Genérico,,,
FALTA FOTO,12340,15605,149624,NA,Stoppers SBX Genérico,MANGA SILICON P/VASO CJ50PZAS,SÍ,ACTIVO,Stoppers SBX Genérico,,,
FALTA FOTO,12340,15606,149625,NA,Stoppers SBX Genérico,TAPON P/POPOTE SILICONA CJ/50PZAS,SÍ,ACTIVO,Stoppers SBX Genérico,,,
FALTA FOTO,12340,15777,149681,NA,Stoppers SBX Genérico,PULSERA SILICON (11VERD/10NEG) CJ21PZAS,SÍ,ACTIVO,Stoppers SBX Genérico,,,
FALTA FOTO,12340,15783,149686,NA,Stoppers SBX Genérico,TAPON P/POPOTE SILICONA VXMC CJ50PZAS,SÍ,ACTIVO,Stoppers SBX Genérico,,,
FALTA FOTO,12340,16079,149785,NA,Stoppers SBX Genérico,TAPON SILICON P/POPOTE CELEB CJ25PZAS,SÍ,ACTIVO,Stoppers SBX Genérico,,,
FALTA FOTO,12340,14527,,,Stoppers SBX Genérico,,SÍ,ACTIVO,Stoppers SBX Genérico,,,
FALTA FOTO,12340,53841,,,Stoppers SBX Genérico,,NO,ACTIVO,Stoppers SBX Genérico,,,
FALTA FOTO,10598,15898,149735,NA,Lifestyle SBX Genérico,KIT NAVIDENO CJ25KITS4PZAS,SÍ,ACTIVO,Lifestyle SBX Genérico,,,
FALTA FOTO,10598,16106,149809,11160767,Lifestyle SBX Genérico,60767 C40P PNTS25 JOE KIND CUP SLEEVE,SÍ,ACTIVO,Lifestyle SBX Genérico,,,
FALTA FOTO,10598,16077,149783,NA,Lifestyle SBX Genérico,TAPA P/STANLEY EASTER CJ5PZAS,NO,ACTIVO,Lifestyle SBX Genérico,,,
FALTA FOTO,10598,12319,,11101964,Lifestyle SBX Genérico,,SÍ,ACTIVO,Lifestyle SBX Genérico,,,
FALTA FOTO,10598,12395,,11101961,Lifestyle SBX Genérico,,SÍ,ACTIVO,Lifestyle SBX Genérico,,,
FALTA FOTO,10598,12471,,11091707,Lifestyle SBX Genérico,,SÍ,ACTIVO,Lifestyle SBX Genérico,,,
FALTA FOTO,10598,12479,,11103794,Lifestyle SBX Genérico,,SÍ,ACTIVO,Lifestyle SBX Genérico,,,
FALTA FOTO,10598,12580,,11109996,Lifestyle SBX Genérico,,SÍ,ACTIVO,Lifestyle SBX Genérico,,,
FALTA FOTO,10598,12581,,11109997,Lifestyle SBX Genérico,,SÍ,ACTIVO,Lifestyle SBX Genérico,,,
FALTA FOTO,10598,12639,,11111777,Lifestyle SBX Genérico,,SÍ,ACTIVO,Lifestyle SBX Genérico,,,
FALTA FOTO,10598,12746,,11113480,Lifestyle SBX Genérico,,SÍ,ACTIVO,Lifestyle SBX Genérico,,,
FALTA FOTO,10598,12920,,11117024,Lifestyle SBX Genérico,,SÍ,ACTIVO,Lifestyle SBX Genérico,,,
FALTA FOTO,10598,13458,,11121555,Lifestyle SBX Genérico,,SÍ,ACTIVO,Lifestyle SBX Genérico,,,
FALTA FOTO,10598,13851,,11125966,Lifestyle SBX Genérico,,SÍ,ACTIVO,Lifestyle SBX Genérico,,,
FALTA FOTO,10598,13852,,11117063,Lifestyle SBX Genérico,,SÍ,ACTIVO,Lifestyle SBX Genérico,,,
FALTA FOTO,10598,14342,,11130716,Lifestyle SBX Genérico,,SÍ,ACTIVO,Lifestyle SBX Genérico,,,
FALTA FOTO,10598,15167,,11146257,Lifestyle SBX Genérico,,SÍ,ACTIVO,Lifestyle SBX Genérico,,,
FALTA FOTO,10598,15168,,11146258,Lifestyle SBX Genérico,,SÍ,ACTIVO,Lifestyle SBX Genérico,,,
FALTA FOTO,10598,53844,,,Lifestyle SBX Genérico,,NO,ACTIVO,Lifestyle SBX Genérico,,,
FALTA FOTO,7551,14886,149513,11141051,COR23 Tz14Green,41051 C2P CORE MUG DARK GREEN SIREN 14OZ,NO,ACTIVO,COR23 Tz14Green,,,
FALTA FOTO,7513,16903,154164,11178926,Sp26CC24Or,78926 C2P SM26 PLSTC CDCP DOME LID 24OZ,NO,ACTIVO,Sp26CC24Or,,,
FALTA FOTO,6944,15128,150104,NA,Llavero SBX Genérico,LLAVERO OSO BEARISTA CJ50PZAS,SÍ,ACTIVO,Llavero SBX Genérico,,,
FALTA FOTO,6944,15163,149534,11146255,Llavero SBX Genérico,46255 P4P XM23 ORNAMENT METALLIC RED,SÍ,ACTIVO,Llavero SBX Genérico,,,
FALTA FOTO,6944,15508,149589,11150774,Llavero SBX Genérico,50774 P4P S24 CLD CUP KEY CHAIN PLEATED,SÍ,ACTIVO,Llavero SBX Genérico,,,
FALTA FOTO,6944,15513,149594,11150776,Llavero SBX Genérico,50776 P4P S24 CLD CUP KEY CHAIN PRISM,SÍ,ACTIVO,Llavero SBX Genérico,,,
FALTA FOTO,6944,15526,149606,11150777,Llavero SBX Genérico,50777 P4P S24 COLD CUP KEY CHAIN BLING,SÍ,ACTIVO,Llavero SBX Genérico,,,
FALTA FOTO,6944,15715,149658,11154026,Llavero SBX Genérico,54026 P4P F24 COLD CUP KEYCHAIN BLACK,SÍ,ACTIVO,Llavero SBX Genérico,,,
FALTA FOTO,6944,15812,149699,11157554,Llavero SBX Genérico,57554 P4P XM24 COLD CUP KEYCHAIN GREEN,SÍ,ACTIVO,Llavero SBX Genérico,,,
FALTA FOTO,6944,15842,149706,11157557,Llavero SBX Genérico,57557 P4P XM24 KEYCHAIN PLUG HOLIDAY,SÍ,ACTIVO,Llavero SBX Genérico,,,
FALTA FOTO,6944,15875,149722,11161850,Llavero SBX Genérico,61850 P4P WCK24 CLD CUP PRISM PVD GLINDA,SÍ,ACTIVO,Llavero SBX Genérico,,,
FALTA FOTO,6944,15879,149726,11161851,Llavero SBX Genérico,61851 P4P WCK24 CLD CUP PLEATED ELPHABA,SÍ,ACTIVO,Llavero SBX Genérico,,,
FALTA FOTO,6944,15883,149730,11161852,Llavero SBX Genérico,61852 P4P WCK24 CLD CUP GEMSTONE,SÍ,ACTIVO,Llavero SBX Genérico,,,
FALTA FOTO,6944,16108,149811,11160769,Llavero SBX Genérico,60769 C16P PNTS25 KEYCHAIN JOE KIND,SÍ,ACTIVO,Llavero SBX Genérico,,,
FALTA FOTO,6944,15997,150156,NA,Llavero SBX Genérico,LLAVERO OSO BEARISTA ANO SERP CJ50PZAS,NO,ACTIVO,Llavero SBX Genérico,,,
FALTA FOTO,6944,15998,149752,NA,Llavero SBX Genérico,LLAVERO OSO BEARISTA SAN VALENT CJ50PZAS,NO,ACTIVO,Llavero SBX Genérico,,,
FALTA FOTO,6944,12980,,11118190,Llavero SBX Genérico,,SÍ,ACTIVO,Llavero SBX Genérico,,,
FALTA FOTO,6944,14323,,,Llavero SBX Genérico,,SÍ,ACTIVO,Llavero SBX Genérico,,,
FALTA FOTO,6944,14837,,11141138,Llavero SBX Genérico,,SÍ,ACTIVO,Llavero SBX Genérico,,,
FALTA FOTO,6944,15070,,11144122,Llavero SBX Genérico,,SÍ,ACTIVO,Llavero SBX Genérico,,,
FALTA FOTO,6944,15368,,11147801,Llavero SBX Genérico,,SÍ,ACTIVO,Llavero SBX Genérico,,,
FALTA FOTO,6944,15784,,NA,Llavero SBX Genérico,,SÍ,ACTIVO,Llavero SBX Genérico,,,
FALTA FOTO,6944,53840,,,Llavero SBX Genérico,,NO,ACTIVO,Llavero SBX Genérico,,,
FALTA FOTO,6932,16178,149865,11164319,SI25KeychainZoo,64319 P4P S25 SLCN KEYCHAIN BEAR GIRAFFE,NO,ACTIVO,SI25KeychainZoo,,,
FALTA FOTO,4686,17307,156359,,SII26Doodle16,86651 C1P FL26 SS TMBLR DDLE IT 16OZ,NO,ACTIVO,SII26Doodle16,,,
FALTA FOTO,4195,14926,150102,11141189,COR23 ToteBag,41189 C2P CORE PLSTC REUS TOTE WFOLDABL,NO,ACTIVO,COR23 ToteBag,,,
FALTA FOTO,4168,16680,152610,11177607,Wt26ReusSiren,77607 P20P SP26 PLSTC RSBCLCP WMN 24OZ,NO,ACTIVO,Wt26ReusSiren,,,
FALTA FOTO,3964,16917,154177,11178972,Sp26Vac16Stan,78972 C1P SM26 RCLD SS TMBLR STNLY 16OZ,NO,ACTIVO,Sp26Vac16Stan,,,
FALTA FOTO,3769,13694,150353,,Filtros Chemex,FILTROS CUADRADOS CHEMEX CJ100PZAS,NO,ACTIVO,Filtros Chemex,,,
FALTA FOTO,3486,16921,154181,11178917,WC26DW12Oran,78917 C1P SM26 STN DW TMBLR TWST 12OZ,NO,ACTIVO,WC26Dw12Oran,,,
FALTA FOTO,3068,16909,154169,11178944,WC26SS20BTL,78944 C2P SM26 SS VAC WTR BTL 20OZ,NO,ACTIVO,WC26SS20BTL,,,
FALTA FOTO,2785,16883,154149,11178964,Sp26KeychainOr,78964 C4P SM26 PLSTC CLDCP DMLD KEYCHAIN,NO,ACTIVO,Sp26KeychainOr,,,
FALTA FOTO,2665,16080,149786,NA,SII25BdayStopper,TAPON SILICON P/POPOTE CUMPLE CJ50PZAS,NO,ACTIVO,SII25BdayStopper,,,
FALTA FOTO,2591,16771,152973,NA,Wt26VasoJacaran,VASO 470ML MORADO ALUMINIO OSO CJ25PZAS,NO,ACTIVO,Wt26VasoJacaran,,,
FALTA FOTO,2575,16876,154142,11178953,Sp26SSCC24Oran,78953 C2P SM26 SS VAC CLD CUP 24OZ,NO,ACTIVO,Sp26SSCC24Oran,,,
FALTA FOTO,2262,16885,154151,11179003,Sp26CC24Teach,79003 C2P SM26 PLSTC CLDCP 24OZ,NO,ACTIVO,Sp26CC24Teach,,,
FALTA FOTO,2254,17298,156350,,SII26SSBTL12Aniv,86647 C1P FL26 SS WTRBTL ANNVRSRY 12OZ,NO,ACTIVO,SII26SSBTL12Aniv,,,
FALTA FOTO,2080,54213,,,WC26Reus,,NO,ACTIVO,WC26Reus,,,
FALTA FOTO,1977,16082,149788,NA,SII25ClipGirlB,CLIP P/TAZA SUMMER 2 CJ25PZAS,NO,ACTIVO,SII25ClipGirlB,,,
FALTA FOTO,1977,16343,149957,NA,SII25ClipGirlB,LLAVERO ALOHA CJ50PZAS,NO,ACTIVO,SII25ClipGirlB,,,
FALTA FOTO,1832,16989,156338,,SII26SS12Aniv,86648 C2P FL26 SS TMBLR ANVRSRY 12OZ,NO,ACTIVO,SII26SS12Aniv,,,
FALTA FOTO,1803,16572,150060,11174791,Wt26ReusSV,74791 P20P W26 PLS REUSE HTCP LD 16OZ,NO,ACTIVO,Wt26ReusSV,,,
FALTA FOTO,1793,14929,149516,11141040,COR23 PrensaFran,41040 C1P CORE COFFEE PRESS 34OZ,NO,ACTIVO,COR23 PrensaFran,,,
FALTA FOTO,1766,16905,154166,11178966,WC26TotePride,78966 P2P SM26 CANVAS TOTE BAG PRIDE,NO,ACTIVO,WC26TotePride,,,
FALTA FOTO,1764,16914,154174,11178947,Sp26StanQuen20,78947 C1P SM26 RCLD SS TMBLR STNLY 20OZ,NO,ACTIVO,Sp26StanQuen20,,,
FALTA FOTO,1744,15191,150106,11144107,COR23 CC24 Green,44107 C2P CORE COLD CUP SOFT TOUCH 24OZ,NO,ACTIVO,COR23 CC24 Green,,,
FALTA FOTO,1719,16904,154165,11178965,WC26ToteRoad,78965 P2P SM26 CANVAS TOTE BAG SEASIDE,NO,ACTIVO,WC26ToteRoad,,,
FALTA FOTO,1657,16682,152612,11170184,DiscSS20MxPais,70184 C2P DIS SS VAC TBLR MEXICO 16OZ,NO,ACTIVO,DiscSS20MxPais,,,
FALTA FOTO,1637,16770,152972,NA,Wt26VasoFresa,VASO 470ML ROSA ALUMINIO FRESA CJ25PZAS,NO,ACTIVO,Wt26VasoFresa,,,
FALTA FOTO,1538,16264,149896,11160967,COR26PPBTL20S,60967 C2P CORE RECYCL WTR BTL BEIGE 24OZ,NO,ACTIVO,COR26PPBTL20S,,,
FALTA FOTO,1481,16722,152970,,BearHuggerSpring,OSO PELUCHE PASCUA CJ32PZAS,NO,ACTIVO,BearHuggerSpring,,,
FALTA FOTO,1429,16672,152602,11176724,Sp26CookieJP,76724 C1P SP26 STN COOKIE JAR LUSTER,NO,ACTIVO,Sp26CookieJP,,,
FALTA FOTO,1403,16779,154122,11176592,SII26SSTu12Pony,76592 C1P WIN TBLR PONNIES 12OZ,NO,ACTIVO,SII26SSTu12Pony,,,
FALTA FOTO,1311,16793,154127,1176593,SII26BTL16Pony,76593 C1P W26 WTBL SS PONY AND FLWR 16OZ,NO,ACTIVO,SII26BTL16Pony,,,
FALTA FOTO,1300,54192,,,SII26GICCColor,,NO,ACTIVO,SII26GICCColor,,,
FALTA FOTO,1298,17299,156351,,SII26Mug14Aniv,86632 C2P FL26 STN MUG SCALIE 14OZ,NO,ACTIVO,SII26Mug14Aniv,,,
FALTA FOTO,1277,16081,149787,NA,SII25ClipBoyB,CLIP P/TAZA SUMMER 1 CJ25PZAS,NO,ACTIVO,SII25ClipBoyB,,,
FALTA FOTO,1276,16502,150023,NA,Xm25Tag,TAG MALETA OSO CJ25PZAS,NO,ACTIVO,Xm25Tag,,,
FALTA FOTO,1276,53962,,,Xm25Tag,,NO,ACTIVO,Xm25Tag,,,
FALTA FOTO,1254,16642,152572,11170100,DiscoveryMxPaís,70100 C4P DIS STN MUG MEXICO 14OZ,NO,ACTIVO,DiscoveryMxPais,,,
FALTA FOTO,1208,16125,149823,11164285,SI25CC24Colors,64285 C2P S25 CLD CUP COLORED WAVES 24OZ,NO,ACTIVO,SI25CC24Colors,,,
FALTA FOTO,1154,16107,149810,11160768,Tote bags SBX Genérico,60768 P5P PNTS25 JOE KIND TOTE BAG,SÍ,ACTIVO,Tote bags SBX Genérico,,,
FALTA FOTO,1154,15967,149744,11161004,Tote bags SBX Genérico,61004 P2P CORE REUS WTR BTL CARRYING BAG,NO,ACTIVO,"Tote bags SBX Genérico, Wt25CrarryingBag",,,
FALTA FOTO,1154,12318,,11101960,Tote bags SBX Genérico,,SÍ,ACTIVO,Tote bags SBX Genérico,,,
FALTA FOTO,1154,12819,,11115490,Tote bags SBX Genérico,,SÍ,ACTIVO,Tote bags SBX Genérico,,,
FALTA FOTO,1154,53842,,,Tote bags SBX Genérico,,NO,ACTIVO,Tote bags SBX Genérico,,,
FALTA FOTO,1051,16899,154160,11179004,Sp26Tu16Teach,79004 C2P SM26 SS VAC TMBLR TEACHER 16OZ,NO,ACTIVO,Sp26Tu16Teach,,,
FALTA FOTO,976,16828,154133,,BearHugWorldCup,OSO PELUCHE WC SBX 2026 CJ15PZAS,NO,ACTIVO,BearHugWorldCup,,,
FALTA FOTO,939,16438,149978,11173047,Xm25Tz14Glass,73047 C2P XM25 GLASS MUG HOL RIBBON 14OZ,NO,ACTIVO,Xm25Tz14Glass,,,
FALTA FOTO,865,16283,149914,11161003,COR26Stan30White,61003 C1P F25 CORE SS TMBLR CREAM 30OZ,NO,ACTIVO,COR26Stan30White,,,
FALTA FOTO,857,16902,154163,11178920,WC26Tu20Yellow,78920 C2P SM26 PLSTC TMBLR YLLOW 20OZ,NO,ACTIVO,WC26Tu20Yellow,,,
FALTA FOTO,850,16503,150024,NA,Xm25Stopper,STOPPER PINGUINO CJ25PZAS,NO,ACTIVO,Xm25Stopper,,,
FALTA FOTO,829,16311,149938,11160990,COR26SSThruLid,60990 C2P CORE TMBLR DR TH ABS MAR 16 OZ,NO,ACTIVO,COR26SSThruLid,,,
FALTA FOTO,823,16878,154144,11178921,Sp26Tu16Orange,78921 C2P SM26 PLSTC TMBLR SWIRL 16OZ,NO,ACTIVO,Sp26Tu16Orange,,,
FALTA FOTO,796,16769,155921,NA,Wt26VasoPistache,VASO 470ML VERDE ALUMINIO OSO CJ25PZAS,NO,ACTIVO,Wt26VasoPistache,,,
FALTA FOTO,760,16446,149985,NA,Fl25MonederoAniv,MONEDERO SIRENA CJ10PZAS,NO,ACTIVO,Fl25MonederoAniv,,,
FALTA FOTO,659,16652,152582,11170108,DiscoveryTulum,70108 C4P DIS STN MUG TULUM 14OZ,NO,ACTIVO,DiscoveryTulum,,,
FALTA FOTO,634,15312,149552,11147705,Tazas SBX Genérico,47705 C2P W24 CERMC MUG HEART 12OZ,SÍ,ACTIVO,Tazas SBX Genérico,,,
FALTA FOTO,634,15490,150111,11150697,Tazas SBX Genérico,50697 C2P S24 CERMC TMBLR ANGULAR 12OZ,SÍ,ACTIVO,Tazas SBX Genérico,,,
FALTA FOTO,634,15509,149590,11150698,Tazas SBX Genérico,50698 C2P S24 CERMC MUG MOTHERS DAY 12OZ,SÍ,ACTIVO,Tazas SBX Genérico,,,
FALTA FOTO,634,15516,149597,11150701,Tazas SBX Genérico,50701 C2P S24 CERMC MUG PUFFY 12OZ,SÍ,ACTIVO,Tazas SBX Genérico,,,
FALTA FOTO,634,15517,149598,11150705,Tazas SBX Genérico,50705 C2P S24 GLASS MUG 90S 14OZ,SÍ,ACTIVO,Tazas SBX Genérico,,,
FALTA FOTO,634,15718,149659,11153958,Tazas SBX Genérico,53958 C2P F24 CERMC TMBLR DIAGONAL 12OZ,SÍ,ACTIVO,Tazas SBX Genérico,,,
FALTA FOTO,634,15723,149664,11154007,Tazas SBX Genérico,54007 C1P F24 SS MUG SUGAR SKULL 12OZ,SÍ,ACTIVO,Tazas SBX Genérico,,,
FALTA FOTO,634,15727,149667,11153959,Tazas SBX Genérico,53959 C2P F24 CRMC TMBLR HALLOWEEN 12OZ,SÍ,ACTIVO,Tazas SBX Genérico,,,
FALTA FOTO,634,15740,149672,11153976,Tazas SBX Genérico,53976 C2P F24 SUSTAIN RECYCLD MUG 16OZ,SÍ,ACTIVO,Tazas SBX Genérico,,,
FALTA FOTO,634,15815,149701,11157505,Tazas SBX Genérico,57505 C1P XM24 CERMC TMBLR GROOVE 2OZ,SÍ,ACTIVO,Tazas SBX Genérico,,,
FALTA FOTO,634,15827,149702,11157512,Tazas SBX Genérico,57512 C2P XM24 CERMC MUG MINT GREE 14OZ,SÍ,ACTIVO,Tazas SBX Genérico,,,
FALTA FOTO,634,15828,149703,11157513,Tazas SBX Genérico,57513 C2P XMA4 CRM MUG BEAR HOLIDAY 14OZ,SÍ,ACTIVO,Tazas SBX Genérico,,,
FALTA FOTO,634,15841,150130,11157509,Tazas SBX Genérico,57509 C2P XM24 CERMC TMBLR HOLIDAY 12OZ,SÍ,ACTIVO,Tazas SBX Genérico,,,
FALTA FOTO,634,16065,149772,11162615,Tazas SBX Genérico,62615 C2P SP25 CERMC MUG CHERRY 16OZ,SÍ,ACTIVO,Tazas SBX Genérico,,,
FALTA FOTO,634,16066,149773,11162614,Tazas SBX Genérico,62614 C2P SP25 MUG FROSTED PINK 14OZ,SÍ,ACTIVO,Tazas SBX Genérico,,,
FALTA FOTO,634,16094,149797,11163290,Tazas SBX Genérico,63290 C2P PNTS25 CERMC MUG YELLOW 14OZ,SÍ,ACTIVO,Tazas SBX Genérico,,,
FALTA FOTO,634,16104,149807,11160765,Tazas SBX Genérico,60765 C1P PNTS25 CERMC MUG JOE WCAP 12OZ,SÍ,ACTIVO,Tazas SBX Genérico,,,
FALTA FOTO,634,15951,150142,11160945,Tazas SBX Genérico,60945 C1P W25 CERMC DW TMBLR TWIST 12OZ,NO,ACTIVO,Tazas SBX Genérico,,,
FALTA FOTO,634,15952,150143,11160946,Tazas SBX Genérico,60946 C2P W25 CERMC MUG HEART BLUE 12OZ,NO,ACTIVO,Tazas SBX Genérico,,,
FALTA FOTO,634,16059,149766,11163341,Tazas SBX Genérico,63341 C2P SP25 SS MUG CONTOUR MINT 12OZ,NO,ACTIVO,Tazas SBX Genérico,,,
FALTA FOTO,634,9506,,11042169,Tazas SBX Genérico,,SÍ,ACTIVO,Tazas SBX Genérico,,,
FALTA FOTO,634,12031,,11093759,Tazas SBX Genérico,,SÍ,ACTIVO,Tazas SBX Genérico,,,
FALTA FOTO,634,12032,,11091114,Tazas SBX Genérico,,SÍ,ACTIVO,Tazas SBX Genérico,,,
FALTA FOTO,634,12035,,11091115,Tazas SBX Genérico,,SÍ,ACTIVO,Tazas SBX Genérico,,,
FALTA FOTO,634,12142,,11094813,Tazas SBX Genérico,,SÍ,ACTIVO,Tazas SBX Genérico,,,
FALTA FOTO,634,12317,,11101957,Tazas SBX Genérico,,SÍ,ACTIVO,Tazas SBX Genérico,,,
FALTA FOTO,634,12464,,11103793,Tazas SBX Genérico,,SÍ,ACTIVO,Tazas SBX Genérico,,,
FALTA FOTO,634,12477,,11091825,Tazas SBX Genérico,,SÍ,ACTIVO,Tazas SBX Genérico,,,
FALTA FOTO,634,12554,,11109979,Tazas SBX Genérico,,SÍ,ACTIVO,Tazas SBX Genérico,,,
FALTA FOTO,634,12555,,11109980,Tazas SBX Genérico,,SÍ,ACTIVO,Tazas SBX Genérico,,,
FALTA FOTO,634,12559,,11109994,Tazas SBX Genérico,,SÍ,ACTIVO,Tazas SBX Genérico,,,
FALTA FOTO,634,12640,,11111783,Tazas SBX Genérico,,SÍ,ACTIVO,Tazas SBX Genérico,,,
FALTA FOTO,634,12696,,11113322,Tazas SBX Genérico,,SÍ,ACTIVO,Tazas SBX Genérico,,,
FALTA FOTO,634,12705,,11113324,Tazas SBX Genérico,,SÍ,ACTIVO,Tazas SBX Genérico,,,
FALTA FOTO,634,12711,,11112592,Tazas SBX Genérico,,SÍ,ACTIVO,Tazas SBX Genérico,,,
FALTA FOTO,634,12781,,11115401,Tazas SBX Genérico,,SÍ,ACTIVO,Tazas SBX Genérico,,,
FALTA FOTO,634,12782,,11115527,Tazas SBX Genérico,,SÍ,ACTIVO,Tazas SBX Genérico,,,
FALTA FOTO,634,12796,,11115545,Tazas SBX Genérico,,SÍ,ACTIVO,Tazas SBX Genérico,,,
FALTA FOTO,634,12910,,11117009,Tazas SBX Genérico,,SÍ,ACTIVO,Tazas SBX Genérico,,,
FALTA FOTO,634,12917,,11117015,Tazas SBX Genérico,,SÍ,ACTIVO,Tazas SBX Genérico,,,
FALTA FOTO,634,12975,,11118175,Tazas SBX Genérico,,SÍ,ACTIVO,Tazas SBX Genérico,,,
FALTA FOTO,634,12987,,11113472,Tazas SBX Genérico,,SÍ,ACTIVO,Tazas SBX Genérico,,,
FALTA FOTO,634,13374,,11118193,Tazas SBX Genérico,,SÍ,ACTIVO,Tazas SBX Genérico,,,
FALTA FOTO,634,13375,,11118194,Tazas SBX Genérico,,SÍ,ACTIVO,Tazas SBX Genérico,,,
FALTA FOTO,634,13449,,11121186,Tazas SBX Genérico,,SÍ,ACTIVO,Tazas SBX Genérico,,,
FALTA FOTO,634,13719,,11124278,Tazas SBX Genérico,,SÍ,ACTIVO,Tazas SBX Genérico,,,
FALTA FOTO,634,13836,,"11126371, 11126455",Tazas SBX Genérico,,SÍ,ACTIVO,"Tazas SBX Genérico, Tumb Plastic SBX Genérico",,,
FALTA FOTO,634,13844,,11126380,Tazas SBX Genérico,,SÍ,ACTIVO,Tazas SBX Genérico,,,
FALTA FOTO,634,13846,,11125952,Tazas SBX Genérico,,SÍ,ACTIVO,Tazas SBX Genérico,,,
FALTA FOTO,634,14032,,11127805,Tazas SBX Genérico,,SÍ,ACTIVO,Tazas SBX Genérico,,,
FALTA FOTO,634,14155,,11129137,Tazas SBX Genérico,,SÍ,ACTIVO,Tazas SBX Genérico,,,
FALTA FOTO,634,14162,,11130180,Tazas SBX Genérico,,SÍ,ACTIVO,Tazas SBX Genérico,,,
FALTA FOTO,634,14163,,11130181,Tazas SBX Genérico,,SÍ,ACTIVO,Tazas SBX Genérico,,,
FALTA FOTO,634,14173,,11130192,Tazas SBX Genérico,,SÍ,ACTIVO,Tazas SBX Genérico,,,
FALTA FOTO,634,14334,,11130706,Tazas SBX Genérico,,SÍ,ACTIVO,Tazas SBX Genérico,,,
FALTA FOTO,634,14346,,11130721,Tazas SBX Genérico,,SÍ,ACTIVO,Tazas SBX Genérico,,,
FALTA FOTO,634,14361,,11133659,Tazas SBX Genérico,,SÍ,ACTIVO,Tazas SBX Genérico,,,
FALTA FOTO,634,14441,,11134118,Tazas SBX Genérico,,SÍ,ACTIVO,Tazas SBX Genérico,,,
FALTA FOTO,634,14442,,11133735,Tazas SBX Genérico,,SÍ,ACTIVO,Tazas SBX Genérico,,,
FALTA FOTO,634,14444,,11133683,Tazas SBX Genérico,,SÍ,ACTIVO,Tazas SBX Genérico,,,
FALTA FOTO,634,14446,,11133714,Tazas SBX Genérico,,SÍ,ACTIVO,Tazas SBX Genérico,,,
FALTA FOTO,634,14454,,11133698,Tazas SBX Genérico,,SÍ,ACTIVO,Tazas SBX Genérico,,,
FALTA FOTO,634,14595,,11135998,Tazas SBX Genérico,,SÍ,ACTIVO,Tazas SBX Genérico,,,
FALTA FOTO,634,14596,,11135979,Tazas SBX Genérico,,SÍ,ACTIVO,Tazas SBX Genérico,,,
FALTA FOTO,634,14611,,11135981,Tazas SBX Genérico,,SÍ,ACTIVO,Tazas SBX Genérico,,,
FALTA FOTO,634,14702,,11138070,Tazas SBX Genérico,,SÍ,ACTIVO,Tazas SBX Genérico,,,
FALTA FOTO,634,14710,,11138093,Tazas SBX Genérico,,SÍ,ACTIVO,Tazas SBX Genérico,,,
FALTA FOTO,634,14751,,11140064,Tazas SBX Genérico,,SÍ,ACTIVO,Tazas SBX Genérico,,,
FALTA FOTO,634,14752,,11140066,Tazas SBX Genérico,,SÍ,ACTIVO,Tazas SBX Genérico,,,
FALTA FOTO,634,14760,,11140085,Tazas SBX Genérico,,SÍ,ACTIVO,Tazas SBX Genérico,,,
FALTA FOTO,634,14766,,11140102,Tazas SBX Genérico,,SÍ,ACTIVO,Tazas SBX Genérico,,,
FALTA FOTO,634,14822,,11141044,Tazas SBX Genérico,,SÍ,ACTIVO,Tazas SBX Genérico,,,
FALTA FOTO,634,15054,,11144058,Tazas SBX Genérico,,SÍ,ACTIVO,Tazas SBX Genérico,,,
FALTA FOTO,634,15055,,11144059,Tazas SBX Genérico,,SÍ,ACTIVO,Tazas SBX Genérico,,,
FALTA FOTO,634,15065,,11144067,Tazas SBX Genérico,,SÍ,ACTIVO,Tazas SBX Genérico,,,
FALTA FOTO,634,15071,,11144061,Tazas SBX Genérico,,SÍ,ACTIVO,Tazas SBX Genérico,,,
FALTA FOTO,634,15072,,11144062,Tazas SBX Genérico,,SÍ,ACTIVO,Tazas SBX Genérico,,,
FALTA FOTO,634,15075,,11144069,Tazas SBX Genérico,,SÍ,ACTIVO,Tazas SBX Genérico,,,
FALTA FOTO,634,15076,,11144064,Tazas SBX Genérico,,SÍ,ACTIVO,Tazas SBX Genérico,,,
FALTA FOTO,634,15166,,11146212,Tazas SBX Genérico,,SÍ,ACTIVO,Tazas SBX Genérico,,,
FALTA FOTO,634,15171,,11146143,Tazas SBX Genérico,,SÍ,ACTIVO,Tazas SBX Genérico,,,
FALTA FOTO,634,15172,,11146140,Tazas SBX Genérico,,SÍ,ACTIVO,Tazas SBX Genérico,,,
FALTA FOTO,634,15178,,11146144,Tazas SBX Genérico,,SÍ,ACTIVO,Tazas SBX Genérico,,,
FALTA FOTO,634,15179,,11146145,Tazas SBX Genérico,,SÍ,ACTIVO,Tazas SBX Genérico,,,
FALTA FOTO,634,15189,,11141054,Tazas SBX Genérico,,SÍ,ACTIVO,"COR25Mug 16Sus, Tazas SBX Genérico",,,
FALTA FOTO,634,15302,,11147707,Tazas SBX Genérico,,SÍ,ACTIVO,Tazas SBX Genérico,,,
FALTA FOTO,634,15460,,11149519,Tazas SBX Genérico,,SÍ,ACTIVO,Tazas SBX Genérico,,,
FALTA FOTO,634,15469,,11149574,Tazas SBX Genérico,,SÍ,ACTIVO,Tazas SBX Genérico,,,
FALTA FOTO,634,15470,,11149571,Tazas SBX Genérico,,SÍ,ACTIVO,Tazas SBX Genérico,,,
FALTA FOTO,634,15479,,11149518,Tazas SBX Genérico,,SÍ,ACTIVO,Tazas SBX Genérico,,,
FALTA FOTO,634,15480,,11149576,Tazas SBX Genérico,,SÍ,ACTIVO,Tazas SBX Genérico,,,
FALTA FOTO,634,15705,,11153979,Tazas SBX Genérico,,SÍ,ACTIVO,Tazas SBX Genérico,,,
FALTA FOTO,634,15706,,11153962,Tazas SBX Genérico,,SÍ,ACTIVO,Tazas SBX Genérico,,,
FALTA FOTO,634,15717,,11153978,Tazas SBX Genérico,,SÍ,ACTIVO,Tazas SBX Genérico,,,
FALTA FOTO,634,15728,,11153966,Tazas SBX Genérico,,SÍ,ACTIVO,Tazas SBX Genérico,,,
FALTA FOTO,634,15729,,11153967,Tazas SBX Genérico,,SÍ,ACTIVO,Tazas SBX Genérico,,,
FALTA FOTO,634,15852,,11157527,Tazas SBX Genérico,,SÍ,ACTIVO,Tazas SBX Genérico,,,
FALTA FOTO,634,53834,,,Tazas SBX Genérico,,NO,ACTIVO,Tazas SBX Genérico,,,
FALTA FOTO,623,16490,150017,NA,Fl25Manga,MANGA SILICON P/VASO BARBIE CJ25PZAS,NO,ACTIVO,Fl25Manga,,,
FALTA FOTO,615,16488,150015,NA,Fl25StopperBar,STOPPER BARBIE CJ25PZAS,NO,ACTIVO,Fl25StopperBar,,,
FALTA FOTO,573,16636,152566,11170104,DiscoveryGDL,70104 C4P DIS STN MUG GUADALAJARA 14OZ,NO,ACTIVO,DiscoveryGDL,,,
FALTA FOTO,524,16775,152975,NA,Wt26LlaveroSV,LLAVERO METALICO CJ22PZAS,NO,ACTIVO,Wt26LlaveroSV,,,
FALTA FOTO,499,16663,152593,11176699,Sp26Mug14Rabbit,76699 C2P SP26 STN MUG RBBT 14OZ,NO,ACTIVO,Sp26Mug14Rabbit,,,
FALTA FOTO,498,14834,149504,11141083,CCupPlastic SBX Genérico,41083 C2P SUM23 COLD CUP JEWELED 24OZ,SÍ,ACTIVO,CCupPlastic SBX Genérico,,,
FALTA FOTO,498,15310,149550,11147727,CCupPlastic SBX Genérico,47727 C2P W24 CLD CUP GRID SOFT 24OZ,SÍ,ACTIVO,CCupPlastic SBX Genérico,,,
FALTA FOTO,498,15311,149551,11147728,CCupPlastic SBX Genérico,47728 C2P W24 CLD CUP PLEATED SOFT 24OZ,SÍ,ACTIVO,CCupPlastic SBX Genérico,,,
FALTA FOTO,498,15502,149585,11150728,CCupPlastic SBX Genérico,50728 C2P S24 CLD CUP BLING METALLI 24OZ,SÍ,ACTIVO,CCupPlastic SBX Genérico,,,
FALTA FOTO,498,15504,149586,11150733,CCupPlastic SBX Genérico,50733 C2P S24 CLD CUP SCALES 24OZ,SÍ,ACTIVO,CCupPlastic SBX Genérico,,,
FALTA FOTO,498,15505,149587,11150734,CCupPlastic SBX Genérico,50734 C1P S24 CLD CUP BLUE CARRY 24OZ,SÍ,ACTIVO,CCupPlastic SBX Genérico,,,
FALTA FOTO,498,15512,149593,11150738,CCupPlastic SBX Genérico,50738 C2P S24 CLD CUP PRISM PRIDE 24OZ,SÍ,ACTIVO,CCupPlastic SBX Genérico,,,
FALTA FOTO,498,15523,149604,11150741,CCupPlastic SBX Genérico,50741 C2P S24 CLD CUP BLING PURPLE 24OZ,SÍ,ACTIVO,CCupPlastic SBX Genérico,,,
FALTA FOTO,498,15524,149605,11150742,CCupPlastic SBX Genérico,50742 C2P S24 CLD CUP METALLIC 24OZ,SÍ,ACTIVO,CCupPlastic SBX Genérico,,,
FALTA FOTO,498,15713,149656,11153992,CCupPlastic SBX Genérico,53992 C2P F24 CLD CUP GRADIENT 24OZ,SÍ,ACTIVO,CCupPlastic SBX Genérico,,,
FALTA FOTO,498,15714,149657,11153993,CCupPlastic SBX Genérico,53993 C2P F24 CLD CUP BLING BLACK 24OZ,SÍ,ACTIVO,CCupPlastic SBX Genérico,,,
FALTA FOTO,498,15722,149663,11153995,CCupPlastic SBX Genérico,53995 C2P F24 CLD CUP ANNIVERSARY 24OZ,SÍ,ACTIVO,CCupPlastic SBX Genérico,,,
FALTA FOTO,498,15732,149669,11154002,CCupPlastic SBX Genérico,54002 C2P F24 CLD CUP DRIP GID 24OZ,SÍ,ACTIVO,CCupPlastic SBX Genérico,,,
FALTA FOTO,498,15810,149697,11157530,CCupPlastic SBX Genérico,57530 C2P XM24 CLD CUP GREEN TRASLU 24OZ,SÍ,ACTIVO,CCupPlastic SBX Genérico,,,
FALTA FOTO,498,15846,150131,11157528,CCupPlastic SBX Genérico,57528 C2P XM24 CLD CUP BLUE GLIT 24OZ,SÍ,ACTIVO,CCupPlastic SBX Genérico,,,
FALTA FOTO,498,15847,149710,11157529,CCupPlastic SBX Genérico,57529 C2P XM24 CLD CUP MET SILVER 24OZ,SÍ,ACTIVO,CCupPlastic SBX Genérico,,,
FALTA FOTO,498,15849,150133,11157536,CCupPlastic SBX Genérico,57536 C2P XM24 CLD CUP DOME GINGER 24OZ,SÍ,ACTIVO,CCupPlastic SBX Genérico,,,
FALTA FOTO,498,15874,149721,11161838,CCupPlastic SBX Genérico,61838 C4P WCK24 CLD CUP PRIS GLINDA 24OZ,SÍ,ACTIVO,CCupPlastic SBX Genérico,,,
FALTA FOTO,498,15876,149723,11161839,CCupPlastic SBX Genérico,61839 C4P WCK24 CLD CUP PINK GOLD 24OZ,SÍ,ACTIVO,CCupPlastic SBX Genérico,,,
FALTA FOTO,498,15878,149725,11161840,CCupPlastic SBX Genérico,61840 C4P WCK24 CLD CUP PLEATED GID 24OZ,SÍ,ACTIVO,CCupPlastic SBX Genérico,,,
FALTA FOTO,498,15880,149727,11161841,CCupPlastic SBX Genérico,61841 C4P WCK24 CLD CUP GID DEFY 24OZ,SÍ,ACTIVO,CCupPlastic SBX Genérico,,,
FALTA FOTO,498,15882,149729,11161842,CCupPlastic SBX Genérico,61842 C2P WCK24 CLD CUP GEMSTONE 24OZ,SÍ,ACTIVO,CCupPlastic SBX Genérico,,,
FALTA FOTO,498,15884,149731,11161843,CCupPlastic SBX Genérico,61843 C4P WCK24 CLD CUP GREEN METAL 24OZ,SÍ,ACTIVO,CCupPlastic SBX Genérico,,,
FALTA FOTO,498,16090,149793,11163286,CCupPlastic SBX Genérico,63286 C2P PNTS25 CLD SNOPY WOODSTCK 24OZ,SÍ,ACTIVO,CCupPlastic SBX Genérico,,,
FALTA FOTO,498,16103,149806,11160764,CCupPlastic SBX Genérico,60764 C1P PNTS25 WTR BTL JOE KIND 16OZ,SÍ,ACTIVO,CCupPlastic SBX Genérico,,,
FALTA FOTO,498,15811,149698,11157532,CCupPlastic SBX Genérico,57532 C2P XM24 HOT CLD CUP STR HOLS 24OZ,NO,ACTIVO,CCupPlastic SBX Genérico,,,
FALTA FOTO,498,16050,149757,11162626,CCupPlastic SBX Genérico,62626 C2P SP25 CLD CUP PLEATED PINK 24OZ,NO,ACTIVO,CCupPlastic SBX Genérico,,,
FALTA FOTO,498,12548,,11109972,CCupPlastic SBX Genérico,,SÍ,ACTIVO,CCupPlastic SBX Genérico,,,
FALTA FOTO,498,12550,,11109975,CCupPlastic SBX Genérico,,SÍ,ACTIVO,CCupPlastic SBX Genérico,,,
FALTA FOTO,498,12818,,11115526,CCupPlastic SBX Genérico,,SÍ,ACTIVO,CCupPlastic SBX Genérico,,,
FALTA FOTO,498,12905,,11117004,CCupPlastic SBX Genérico,,SÍ,ACTIVO,CCupPlastic SBX Genérico,,,
FALTA FOTO,498,12983,,11112579,CCupPlastic SBX Genérico,,SÍ,ACTIVO,CCupPlastic SBX Genérico,,,
FALTA FOTO,498,13842,,11126377,CCupPlastic SBX Genérico,,SÍ,ACTIVO,CCupPlastic SBX Genérico,,,
FALTA FOTO,498,13850,,11125961,CCupPlastic SBX Genérico,,SÍ,ACTIVO,CCupPlastic SBX Genérico,,,
FALTA FOTO,498,14037,,11128421,CCupPlastic SBX Genérico,,SÍ,ACTIVO,CCupPlastic SBX Genérico,,,
FALTA FOTO,498,14038,,11128426,CCupPlastic SBX Genérico,,SÍ,ACTIVO,CCupPlastic SBX Genérico,,,
FALTA FOTO,498,14044,,11127831,CCupPlastic SBX Genérico,,SÍ,ACTIVO,CCupPlastic SBX Genérico,,,
FALTA FOTO,498,14045,,11128425,CCupPlastic SBX Genérico,,SÍ,ACTIVO,CCupPlastic SBX Genérico,,,
FALTA FOTO,498,14149,,11129116,CCupPlastic SBX Genérico,,SÍ,ACTIVO,CCupPlastic SBX Genérico,,,
FALTA FOTO,498,14152,,11129127,CCupPlastic SBX Genérico,,SÍ,ACTIVO,CCupPlastic SBX Genérico,,,
FALTA FOTO,498,14160,,11129148,CCupPlastic SBX Genérico,,SÍ,ACTIVO,CCupPlastic SBX Genérico,,,
FALTA FOTO,498,14166,,11130184,CCupPlastic SBX Genérico,,SÍ,ACTIVO,CCupPlastic SBX Genérico,,,
FALTA FOTO,498,14177,,11130196,CCupPlastic SBX Genérico,,SÍ,ACTIVO,CCupPlastic SBX Genérico,,,
FALTA FOTO,498,14344,,11130717,CCupPlastic SBX Genérico,,SÍ,ACTIVO,CCupPlastic SBX Genérico,,,
FALTA FOTO,498,14345,,11130718,CCupPlastic SBX Genérico,,SÍ,ACTIVO,CCupPlastic SBX Genérico,,,
FALTA FOTO,498,14362,,11136365,CCupPlastic SBX Genérico,,SÍ,ACTIVO,CCupPlastic SBX Genérico,,,
FALTA FOTO,498,14415,,11133673,CCupPlastic SBX Genérico,,SÍ,ACTIVO,CCupPlastic SBX Genérico,,,
FALTA FOTO,498,14438,,11133674,CCupPlastic SBX Genérico,,SÍ,ACTIVO,CCupPlastic SBX Genérico,,,
FALTA FOTO,498,14443,,11134116,CCupPlastic SBX Genérico,,SÍ,ACTIVO,CCupPlastic SBX Genérico,,,
FALTA FOTO,498,14445,,11133685,CCupPlastic SBX Genérico,,SÍ,ACTIVO,CCupPlastic SBX Genérico,,,
FALTA FOTO,498,14602,,11135996,CCupPlastic SBX Genérico,,SÍ,ACTIVO,CCupPlastic SBX Genérico,,,
FALTA FOTO,498,14604,,11136489,CCupPlastic SBX Genérico,,SÍ,ACTIVO,CCupPlastic SBX Genérico,,,
FALTA FOTO,498,14605,,11136490,CCupPlastic SBX Genérico,,SÍ,ACTIVO,CCupPlastic SBX Genérico,,,
FALTA FOTO,498,14705,,11138084,CCupPlastic SBX Genérico,,SÍ,ACTIVO,CCupPlastic SBX Genérico,,,
FALTA FOTO,498,14706,,11138103,CCupPlastic SBX Genérico,,SÍ,ACTIVO,CCupPlastic SBX Genérico,,,
FALTA FOTO,498,14707,,11138105,CCupPlastic SBX Genérico,,SÍ,ACTIVO,CCupPlastic SBX Genérico,,,
FALTA FOTO,498,14755,,11140081,CCupPlastic SBX Genérico,,SÍ,ACTIVO,CCupPlastic SBX Genérico,,,
FALTA FOTO,498,14756,,11140116,CCupPlastic SBX Genérico,,SÍ,ACTIVO,CCupPlastic SBX Genérico,,,
FALTA FOTO,498,14770,,11140110,CCupPlastic SBX Genérico,,SÍ,ACTIVO,CCupPlastic SBX Genérico,,,
FALTA FOTO,498,14771,,11140117,CCupPlastic SBX Genérico,,SÍ,ACTIVO,CCupPlastic SBX Genérico,,,
FALTA FOTO,498,14833,,11141080,CCupPlastic SBX Genérico,,SÍ,ACTIVO,CCupPlastic SBX Genérico,,,
FALTA FOTO,498,14840,,11141085,CCupPlastic SBX Genérico,,SÍ,ACTIVO,CCupPlastic SBX Genérico,,,
FALTA FOTO,498,15061,,11144094,CCupPlastic SBX Genérico,,SÍ,ACTIVO,CCupPlastic SBX Genérico,,,
FALTA FOTO,498,15062,,11144090,CCupPlastic SBX Genérico,,SÍ,ACTIVO,CCupPlastic SBX Genérico,,,
FALTA FOTO,498,15063,,11144091,CCupPlastic SBX Genérico,,SÍ,ACTIVO,CCupPlastic SBX Genérico,,,
FALTA FOTO,498,15069,,11144096,CCupPlastic SBX Genérico,,SÍ,ACTIVO,CCupPlastic SBX Genérico,,,
FALTA FOTO,498,15161,,11146167,CCupPlastic SBX Genérico,,SÍ,ACTIVO,CCupPlastic SBX Genérico,,,
FALTA FOTO,498,15162,,11146168,CCupPlastic SBX Genérico,,SÍ,ACTIVO,CCupPlastic SBX Genérico,,,
FALTA FOTO,498,15184,,11146172,CCupPlastic SBX Genérico,,SÍ,ACTIVO,CCupPlastic SBX Genérico,,,
FALTA FOTO,498,15309,,11147723,CCupPlastic SBX Genérico,,SÍ,ACTIVO,CCupPlastic SBX Genérico,,,
FALTA FOTO,498,15466,,11149588,CCupPlastic SBX Genérico,,SÍ,ACTIVO,CCupPlastic SBX Genérico,,,
FALTA FOTO,498,15467,,11149591,CCupPlastic SBX Genérico,,SÍ,ACTIVO,CCupPlastic SBX Genérico,,,
FALTA FOTO,498,15468,,11149592,CCupPlastic SBX Genérico,,SÍ,ACTIVO,CCupPlastic SBX Genérico,,,
FALTA FOTO,498,15484,,11149597,CCupPlastic SBX Genérico,,SÍ,ACTIVO,CCupPlastic SBX Genérico,,,
FALTA FOTO,498,15726,,11154000,CCupPlastic SBX Genérico,,SÍ,ACTIVO,CCupPlastic SBX Genérico,,,
FALTA FOTO,498,15956,,11160970,CCupPlastic SBX Genérico,,NO,ACTIVO,CCupPlastic SBX Genérico,,,
FALTA FOTO,498,53835,,,CCupPlastic SBX Genérico,,NO,ACTIVO,CCupPlastic SBX Genérico,,,
FALTA FOTO,459,16609,152546,11176610,Wt26TuSS16Duck,76610 C1P SS CL DUCK HEAD TO HEAD16OZ,NO,ACTIVO,Wt26TuSS16Duck,,,
FALTA FOTO,452,16416,149969,NA,Fl25ReusCCBa,VASO/TAPA 24OZ REUS BEBF PROM1 CJ48PZAS,NO,ACTIVO,Fl25ReusCCBa,,,
FALTA FOTO,452,16686,152616,11170151,Disc2ozGDL,70151 C4P DIS STN MUG GUADALAJARA 2OZ,NO,ACTIVO,Disc2ozGDL,,,
FALTA FOTO,445,16589,152529,NA,Xm25ReuMike,VASO/TAPA 16OZ REUSABLE PROM9IM2 CJ52PZA,NO,ACTIVO,Xm25ReuMike,,,
FALTA FOTO,445,16695,152625,11170155,Disc2ozTulum,70155 C4P DIS STN MUG TULUM 2OZ,NO,ACTIVO,Disc2ozTulum,,,
FALTA FOTO,437,54201,,,SII26CC24Rain,,NO,ACTIVO,SII26CC24Rain,,,
FALTA FOTO,436,16593,152533,11170189,ToteBag CDMX,70189 P2P TOTE BAG CDMX,NO,ACTIVO,ToteBag CDMX,,,
FALTA FOTO,420,16637,152567,11170111,DiscoveryGTO,70111 C4P DIS STN MUG GUANAJUATO 14OZ,NO,ACTIVO,DiscoveryGTO,,,
FALTA FOTO,401,16694,152624,11170154,Disc2ozPVallarta,70154 C4P DIS STN MUG PRTVALLARTA 2OZ,NO,ACTIVO,Disc2ozPVallarta,,,
FALTA FOTO,375,16692,152622,11170153,Disc2ozPlayaC,70153 C4P DIS STN MUG PLAYADLCARMEN 2OZ,NO,ACTIVO,Disc2ozPlayaC,,,
FALTA FOTO,373,16678,152608,11176705,Sp26ReusTierra,76705 P20P SP26 PLSTC RSBHTCP EARTH 16OZ,NO,ACTIVO,Sp26ReusTierra,,,
FALTA FOTO,367,16644,152574,11170110,DiscoveryMTY,70110 C4P DIS STN MUG MONTERREY 14OZ,NO,ACTIVO,DiscoveryMTY,,,
FALTA FOTO,350,16670,152600,11176700,Sp26Tz14GlassC,76700 C2P SP26 GLS MUG HNDL 14OZ,NO,ACTIVO,Sp26Tz14GlassC,,,
FALTA FOTO,349,16647,152577,11170106,DiscoveryPlayaC,70106 C4P DIS STN MUG PLAYADLCARMEN 14OZ,NO,ACTIVO,DiscoveryPlayaC,,,
FALTA FOTO,326,16265,149897,11169482,Fl25KeyChainD,69482 C4P F25 COLD CUP LID SPACE BEAR,NO,ACTIVO,Fl25KeyChainD,,,
FALTA FOTO,323,16687,152617,11170150,Disc2ozCabos,70150 C4P DIS STN MUG LOS CABOS 2OZ,NO,ACTIVO,Disc2ozCabos,,,
FALTA FOTO,312,16120,149819,11164267,SI25Tu20Swimm,64267 C2P S25 TMBLR SUMMER SWIMMERS 20OZ,NO,ACTIVO,SI25Tu20Swimm,,,
FALTA FOTO,309,16655,152585,11170101,DiscoveryCancun,70101 C4P DIS STN MUG CANCUN 14OZ,NO,ACTIVO,DiscoveryCancun,,,
FALTA FOTO,307,16150,149839,11164271,SI25SSCC24Paddle,64271 C2P S25 TMBLR HOT CLD PADEL 24OZ,NO,ACTIVO,SI25SSCC24Paddle,,,
FALTA FOTO,302,16594,152534,11170196,ToteBag MTY,70196 P2P TOTE BAG MONTERREY,NO,ACTIVO,ToteBag MTY,,,
FALTA FOTO,302,16639,152569,11170103,DiscoveryCabos,70103 C4P DIS STN MUG LOS CABOS 14OZ,NO,ACTIVO,DiscoveryCabos,,,
FALTA FOTO,300,16588,152528,NA,Xm25ReuElev,VASO/TAPA 16OZ REUSABLE PROM9IM1 CJ52PZA,NO,ACTIVO,Xm25ReuElev,,,
FALTA FOTO,297,16566,150059,,BearHugger,OSO DE PELUCHE MANDIL VDE CJ32PZAS,NO,ACTIVO,BearHugger,,,
FALTA FOTO,294,16679,152609,11176712,Sp26CCReusTierra,76712 P10P SP26 PLSTC RSBCLCP EARTH 24OZ,NO,ACTIVO,Sp26CCReusTierra,,,
FALTA FOTO,287,16599,152539,11170191,ToteBag GDL,70191 P2P TOTE BAG GUADALAJARA,NO,ACTIVO,ToteBag GDL,,,
FALTA FOTO,274,16638,152568,11170118,DiscoveryLeon,70118 C4P DIS STN MUG LEON 14OZ,NO,ACTIVO,DiscoveryLeon,,,
FALTA FOTO,270,16635,152565,11170109,DiscoveryEnsenad,70109 C4P DIS STN MUG ENSENADA 14OZ,NO,ACTIVO,DiscoveryEnsenad,,,
FALTA FOTO,268,16650,152580,11170119,DiscoveryQRO,70119 C4P DIS STN MUG QUERETARO 14OZ,NO,ACTIVO,DiscoveryQRO,,,
FALTA FOTO,264,16912,154172,11178949,WC26SS20Pull,78949 C2P SM26 SS VAC TMBLR HNDL 20OZ,NO,ACTIVO,WC26SS20Pull,,,
FALTA FOTO,257,16345,149959,NA,SII25StopPSL,STOPPER PSL CJ25PZAS,NO,ACTIVO,SII25StopPSL,,,
FALTA FOTO,253,16634,152564,11170105,DiscoveryCozumel,70105 C4P DIS STN MUG COZUMEL 14OZ,NO,ACTIVO,DiscoveryCozumel,,,
FALTA FOTO,250,16344,149958,NA,SII25StrawLluvia,STOPPER RAIN STRAW CJ25PZAS,NO,ACTIVO,SII25StrawLluvia,,,
FALTA FOTO,249,16328,149955,NA,SII25LlaveroB2S,LLAVERO MOCHILA CJ30PZAS,NO,ACTIVO,SII25LlaveroB2S,,,
FALTA FOTO,229,16596,152536,11170194,ToteBag Pvallart,70194 P2P TOTE BAG PUERTO VALLARTA,NO,ACTIVO,ToteBag Pvallart,,,
FALTA FOTO,224,16611,152548,11177937,Sp26CCup16Cherry,77937 C1P CCUP CORGICHERRY BLSM 16OZ,NO,ACTIVO,Sp26CCup16Cherry,,,
FALTA FOTO,221,16978,155975,NA,WC26LlaveroB,LLAVERO BEARISTA SOCCER 2026 CJ25PZAS,NO,ACTIVO,WC26LlaveroB,,,
FALTA FOTO,219,16602,152542,NA,Xm25Reu2Hol,VASO/TAPA 16OZ REUSABLE PRO10IM1 CJ52PZA,NO,ACTIVO,Xm25Reu2Hol,,,
FALTA FOTO,219,53959,,,Xm25Reu2Hol,,NO,ACTIVO,Xm25Reu2Hol,,,
FALTA FOTO,218,15746,149675,,ResMug12SSCopper,55153 C1P SS MUG RB 12OZ,NO,ACTIVO,ResMug12SSCopper,,,
FALTA FOTO,217,16657,152587,11170113,DiscoveryChihua,70113 C4P DIS STN MUG CHIHUAHUA 14OZ,NO,ACTIVO,DiscoveryChihua,,,
FALTA FOTO,213,15743,161614,,ResSetCT3Pck,55154 C2P3P RB CRM TSTNG SET WD TRAY 3OZ,NO,ACTIVO,ResSetCT3Pck,,,
FALTA FOTO,211,14883,149511,11141067,COR23 ReusCC16,41067 P10P CORE REUSABLE SCALE COLD 16OZ,NO,ACTIVO,COR23 ReusCC16,,,
FALTA FOTO,202,16285,149916,11160965,COR26Tu16Sust,60965 C4P CORE RECYCLD TMBLR BEIGE 16OZ,NO,ACTIVO,COR26Tu16Sust,,,
FALTA FOTO,195,15794,149692,,ResSS16BananaLea,55150 C1P SS TMBLR BANANA LEAF RB 16OZ,NO,ACTIVO,ResSS16BananaLea,,,
FALTA FOTO,193,16309,149936,11160952,COR26Mug14Copper,60952 C2P CORE CERMC BLACK GLAZE 14OZ,NO,ACTIVO,COR26Mug14Copper,,,
FALTA FOTO,192,16154,149842,11164283,SI25CC24Drinks,64283 C2P S25 HOT CLD TMBLR DRINK 24OZ,NO,ACTIVO,SI25CC24Drinks,,,
FALTA FOTO,190,16683,152613,11170148,Disc2ozCAN,70148 C4P DIS STN MUG CANCUN 2OZ,NO,ACTIVO,Disc2ozCAN,,,
FALTA FOTO,187,16437,149977,11173046,Xm25CCGlass18,73046 C2P XM25 GLASS CLD MOTTLE BOW 18OZ,NO,ACTIVO,Xm25CCGlass18,,,
FALTA FOTO,185,16685,152615,11170152,Disc2ozCozumel,70152 C4P DIS STN MUG COZUMEL 2OZ,NO,ACTIVO,Disc2ozCozumel,,,
FALTA FOTO,183,15747,149676,11154029,Pines SBX Genérico,54029 P6P F24 SET STICKER SET 8 PK,SÍ,ACTIVO,Pines SBX Genérico,,,
FALTA FOTO,183,16097,149800,11163293,Pines SBX Genérico,63293 P12P PNTS25 PIN JOE KIND WOODSTOCK,SÍ,ACTIVO,Pines SBX Genérico,,,
FALTA FOTO,183,16098,149801,11163294,Pines SBX Genérico,63294 P12P PNTS25 PIN SET 3PZAS,SÍ,ACTIVO,Pines SBX Genérico,,,
FALTA FOTO,183,16099,149802,11163295,Pines SBX Genérico,63295 P12P PNTS25 PIN SINGLE JOE KIND,SÍ,ACTIVO,Pines SBX Genérico,,,
FALTA FOTO,183,16095,149798,11163291,Pines SBX Genérico,63291 P12P PNTS25 PIN JOE KIND HAT,NO,ACTIVO,Pines SBX Genérico,,,
FALTA FOTO,183,16096,149799,11163292,Pines SBX Genérico,63292 P12P PNTS25 PIN COFFEE,NO,ACTIVO,Pines SBX Genérico,,,
FALTA FOTO,183,12916,,11117021,Pines SBX Genérico,,SÍ,ACTIVO,Pines SBX Genérico,,,
FALTA FOTO,183,13385,,11118219,Pines SBX Genérico,,SÍ,ACTIVO,Pines SBX Genérico,,,
FALTA FOTO,183,13731,,11124302,Pines SBX Genérico,,SÍ,ACTIVO,Pines SBX Genérico,,,
FALTA FOTO,183,14076,,11127836,Pines SBX Genérico,,SÍ,ACTIVO,Pines SBX Genérico,,,
FALTA FOTO,183,14842,,11141141,Pines SBX Genérico,,SÍ,ACTIVO,Pines SBX Genérico,,,
FALTA FOTO,183,15525,,11150773,Pines SBX Genérico,,SÍ,ACTIVO,Pines SBX Genérico,,,
FALTA FOTO,183,53843,,,Pines SBX Genérico,,NO,ACTIVO,Pines SBX Genérico,,,
FALTA FOTO,181,16690,152620,11170156,Disc2ozMTY,70156 C4P DIS STN MUG MONTERREY 2OZ,NO,ACTIVO,Disc2ozMTY,,,
FALTA FOTO,170,16651,152581,11170116,DiscoverySanMig,70116 C4P DIS STN MUG SAN MIGUEL 14OZ,NO,ACTIVO,DiscoverySanMig,,,
FALTA FOTO,168,16645,152575,11170123,DiscoveryMorelia,70123 C4P DIS STN MUG MORELIA 14OZ,NO,ACTIVO,DiscoveryMorelia,,,
FALTA FOTO,167,16654,152584,11170122,DiscoveryZacat,70122 C4P DIS STN MUG ZACATECAS 14OZ,NO,ACTIVO,DiscoveryZacat,,,
FALTA FOTO,166,16500,150021,NA,Fl25Llavero,LLAVERO XOLO CJ25PZAS,NO,ACTIVO,Fl25Llavero,,,
FALTA FOTO,163,16308,149935,11160947,COR25DW12Prism,60947 C2P CORE CERMC DW TMBLR PRISM 12OZ,NO,ACTIVO,COR25DW12Prism,,,
FALTA FOTO,161,16656,152586,11170120,DiscoveryChiapas,70120 C4P DIS STN MUG CHIAPAS 14OZ,NO,ACTIVO,DiscoveryChiapas,,,
FALTA FOTO,159,14884,149512,11141089,COR23 ReusCC24,41089 P10P CORE REUS SCALES COLD 24OZ,NO,ACTIVO,COR23 ReusCC24,,,
FALTA FOTO,149,16958,155960,11187370,WC26SS16Black,87370 C2P WC26 SS TMBLR FOOTBALL 16OZ,NO,ACTIVO,WC26SS16Black,,,
FALTA FOTO,148,16648,152578,11170115,DiscoveryPuebla,70115 C4P DIS STN MUG PUEBLA 14OZ,NO,ACTIVO,DiscoveryPuebla,,,
FALTA FOTO,140,16291,149922,11169439,Fl25CC24Dome,69439 C2P F25 CLD CUP MOON BEAR 24OZ,NO,ACTIVO,Fl25CC24Dome,,,
FALTA FOTO,138,16476,150011,11172986,Xm25SS16Peng,72986 C2P XM25 SS VAC TMBLR PENGUIN 16OZ,NO,ACTIVO,Xm25SS16Peng,,,
FALTA FOTO,135,16595,152535,11170193,ToteBag PlayaC,70193 P2P TOTE BAG PLAYA DEL CARMEN,NO,ACTIVO,ToteBag PlayaC,,,
FALTA FOTO,124,16471,150006,,Xm25Give16Hot,72963 P20P XM25 HOT CUP HOL STORE 16OZ,NO,ACTIVO,Xm25Give16Hot,,,
FALTA FOTO,122,16646,152576,11170121,DiscoveryOAX,70121 C4P DIS STN MUG OAXACA 14OZ,NO,ACTIVO,DiscoveryOAX,,,
FALTA FOTO,121,16299,149930,11160981,COR26Glass16Sus,60981 C1P F25 CORE RECY CLD CUP BEI 16OZ,NO,ACTIVO,COR26Glass16Sus,,,
FALTA FOTO,118,16319,149946,11169447,Fl25CC24DDM,69447 C2P F25 COLD CUP SKUL TIARA 24OZ,NO,ACTIVO,Fl25CC24DDM,,,
FALTA FOTO,118,16592,152532,11170188,ToteBag CAN,70188 P2P TOTE BAG CANCUN,NO,ACTIVO,ToteBag CAN,,,
FALTA FOTO,115,16474,150009,11172857,Xm25MugPinguin,72857 C2P XM25 STN MUG PENGUIN 14OZ,NO,ACTIVO,Xm25MugPinguin,,,
FALTA FOTO,108,16128,149826,11164292,SI25SSDoodle,64292 C1P S25 TMBLR DOODLE IT BEACH 16OZ,NO,ACTIVO,SI25SSDoodle,,,
FALTA FOTO,100,16908,154168,11187369,WC26BearWC,87369 C1P WC26 GLSS BEARISTA FTBLL 20OZ,NO,ACTIVO,WC26BearWC,,,
FALTA FOTO,98,16123,149821,11164277,SI25CC24Dome,64277 C2P S25 CLD CUP TMBLR ANIMALS 24OZ,NO,ACTIVO,SI25CC24Dome,,,
FALTA FOTO,98,16633,152563,11170114,DiscoveryAcapulc,70114 C4P DIS STN MUG ACAPULCO 14OZ,NO,ACTIVO,DiscoveryAcapulc,,,
FALTA FOTO,95,16164,149852,11164273,SII25CC24Jeweled,64273 C2P S25 CLD CUP JEWEL UMBREL 24OZ,NO,ACTIVO,SII25CC24Jeweled,,,
FALTA FOTO,92,16297,149928,11169491,Fl25PinesDDM,69491 P12P F25 PIN SET DIA MUERTOS,NO,ACTIVO,Fl25PinesDDM,,,
FALTA FOTO,91,16465,150000,11172990,Xm25StanCB16,72990 C1P XM25 SS VAC CLD CUP BREW 6OZ,NO,ACTIVO,Xm25StanCB16,,,
FALTA FOTO,90,16109,149812,11160779,Sp25StopperP,60779 P50P PNTS25 JOE STOPPER N STRAW,NO,ACTIVO,Sp25StopperP,,,
FALTA FOTO,90,16489,150016,NA,Fl25StrawBar,STRAW STOPPER BARBIE CJ25PZAS,NO,ACTIVO,Fl25StrawBar,,,
FALTA FOTO,89,14765,149494,11140098,CCup Acero SBX Genérico,40098 C1P SP23 SS CLD CUP TURQUOISE 24OZ,SÍ,ACTIVO,CCup Acero SBX Genérico,,,
FALTA FOTO,89,14832,149503,11141133,CCup Acero SBX Genérico,41133 C1P S23 SS COLD CUP TEXTURED 24OZ,SÍ,ACTIVO,CCup Acero SBX Genérico,,,
FALTA FOTO,89,15317,149554,11147751,CCup Acero SBX Genérico,47751 C1P W24 SS COLD CUP HEART STR 24OZ,SÍ,ACTIVO,CCup Acero SBX Genérico,,,
FALTA FOTO,89,15489,149578,11150707,Set Reusa SBX Genérico,50707 P4P S24 REUSABLE HOT CUP LID 24OZ,SÍ,ACTIVO,Set Reusa SBX Genérico,,,
FALTA FOTO,89,15494,149580,11150758,CCup Acero SBX Genérico,50758 C1P S24 SS WTR BTL GRADIENT 20OZ,SÍ,ACTIVO,CCup Acero SBX Genérico,,,
FALTA FOTO,89,15506,150118,11150768,CCup Acero SBX Genérico,50768 C2P S24 CLD CUP BLING METALLI 24OZ,SÍ,ACTIVO,CCup Acero SBX Genérico,,,
FALTA FOTO,89,15507,149588,11150769,CCup Acero SBX Genérico,50769 C2P S24 SS VAC COLD CUP 24OZ,SÍ,ACTIVO,CCup Acero SBX Genérico,,,
FALTA FOTO,89,15522,149603,11150771,CCup Acero SBX Genérico,50771 C1P S24 SS CLD CUP 90S 24OZ,SÍ,ACTIVO,CCup Acero SBX Genérico,,,
FALTA FOTO,89,15721,149662,11154023,CCup Acero SBX Genérico,54023 C1P F24 SS CLD CUP ANNIVERSAR 24OZ,SÍ,ACTIVO,CCup Acero SBX Genérico,,,
FALTA FOTO,89,15742,149674,11154024,CCup Acero SBX Genérico,54024 C2P F24 SS CLD CUP RECYCLD 24OZ,SÍ,ACTIVO,CCup Acero SBX Genérico,,,
FALTA FOTO,89,15853,149712,11157543,CCup Acero SBX Genérico,57543 C2P XM24 SS WTR BTL TWIST 20OZ,SÍ,ACTIVO,CCup Acero SBX Genérico,,,
FALTA FOTO,89,16062,149769,11162625,CCup Acero SBX Genérico,62625 C2P SP25 SS CLD BUTTERFLIES 16OZ,SÍ,ACTIVO,CCup Acero SBX Genérico,,,
FALTA FOTO,89,16063,149770,11163280,CCup Acero SBX Genérico,63280 C2P SP25 SS CLD PNK BUTTERFLY 24OZ,SÍ,ACTIVO,CCup Acero SBX Genérico,,,
FALTA FOTO,89,16069,149776,11162635,CCup Acero SBX Genérico,62635 C2P SP25 SS VAC CLD CUP PONY 24OZ,SÍ,ACTIVO,CCup Acero SBX Genérico,,,
FALTA FOTO,89,16089,149792,11163285,CCup Acero SBX Genérico,63285 C2P PNTS25 SS CLD BLCK PNK 24OZ,SÍ,ACTIVO,CCup Acero SBX Genérico,,,
FALTA FOTO,89,16091,149794,11163287,CCup Acero SBX Genérico,63287 C2P PNTS25 SS TMBLR PURPLE 16OZ,SÍ,ACTIVO,CCup Acero SBX Genérico,,,
FALTA FOTO,89,16092,149795,11163288,CCup Acero SBX Genérico,63288 C2P PNTS25 SS TMBLR JOE KIND 16OZ,SÍ,ACTIVO,CCup Acero SBX Genérico,,,
FALTA FOTO,89,16101,149804,11160762,CCup Acero SBX Genérico,60762 C1P PNTS25 SS WTR BTL JOY HAP 12OZ,SÍ,ACTIVO,CCup Acero SBX Genérico,,,
FALTA FOTO,89,16102,149805,11160763,CCup Acero SBX Genérico,60763 C1P PNTS25 CLD CUP FRIENDSHIP 16OZ,SÍ,ACTIVO,CCup Acero SBX Genérico,,,
FALTA FOTO,89,15961,150150,11160987,CCup Acero SBX Genérico,60987 C2P W25 SS CLD CUP HEART 16OZ,NO,ACTIVO,CCup Acero SBX Genérico,,,
FALTA FOTO,89,15965,150153,11161000,CCup Acero SBX Genérico,61000 C2P W25 SS HOT CLD CUP BEAR 24OZ,NO,ACTIVO,CCup Acero SBX Genérico,,,
FALTA FOTO,89,15966,150154,11161001,CCup Acero SBX Genérico,61001 C2P W25 SS VAC CLD CUP VALENT 24OZ,NO,ACTIVO,CCup Acero SBX Genérico,,,
FALTA FOTO,89,16060,149767,11162636,CCup Acero SBX Genérico,62636 C2P SP25 SS CLD CUP SBLACK 24OZ,NO,ACTIVO,CCup Acero SBX Genérico,,,
FALTA FOTO,89,16067,149774,11162633,CCup Acero SBX Genérico,62633 C2P SP25 SS VAC CLD CUP FLOR 24OZ,NO,ACTIVO,CCup Acero SBX Genérico,,,
FALTA FOTO,89,16068,149775,11162634,CCup Acero SBX Genérico,62634 C2P SP25 SS VAC CLD LAVENDER 24OZ,NO,ACTIVO,CCup Acero SBX Genérico,,,
FALTA FOTO,89,12697,,11111781,Set Reusa SBX Genérico,,SÍ,ACTIVO,Set Reusa SBX Genérico,,,
FALTA FOTO,89,12977,,11118185,Set Reusa SBX Genérico,,SÍ,ACTIVO,Set Reusa SBX Genérico,,,
FALTA FOTO,89,13834,,11126458,Set Reusa SBX Genérico,,SÍ,ACTIVO,Set Reusa SBX Genérico,,,
FALTA FOTO,89,13835,,11125926,Set Reusa SBX Genérico,,SÍ,ACTIVO,Set Reusa SBX Genérico,,,
FALTA FOTO,89,13849,,11126382,Set Reusa SBX Genérico,,SÍ,ACTIVO,Set Reusa SBX Genérico,,,
FALTA FOTO,89,14159,,11129147,CCup Acero SBX Genérico,,SÍ,ACTIVO,CCup Acero SBX Genérico,,,
FALTA FOTO,89,14187,,11130191,Set Reusa SBX Genérico,,SÍ,ACTIVO,Set Reusa SBX Genérico,,,
FALTA FOTO,89,14333,,11130700,Set Reusa SBX Genérico,,SÍ,ACTIVO,Set Reusa SBX Genérico,,,
FALTA FOTO,89,14343,,11131127,CCup Acero SBX Genérico,,SÍ,ACTIVO,CCup Acero SBX Genérico,,,
FALTA FOTO,89,14349,,11131128,CCup Acero SBX Genérico,,SÍ,ACTIVO,CCup Acero SBX Genérico,,,
FALTA FOTO,89,14449,,11133718,CCup Acero SBX Genérico,,SÍ,ACTIVO,CCup Acero SBX Genérico,,,
FALTA FOTO,89,14610,,11135992,CCup Acero SBX Genérico,,SÍ,ACTIVO,CCup Acero SBX Genérico,,,
FALTA FOTO,89,14715,,11138101,CCup Acero SBX Genérico,,SÍ,ACTIVO,CCup Acero SBX Genérico,,,
FALTA FOTO,89,14716,,11135978,Set Reusa SBX Genérico,,SÍ,ACTIVO,Set Reusa SBX Genérico,,,
FALTA FOTO,89,14819,,11141080,Set Reusa SBX Genérico,,SÍ,ACTIVO,Set Reusa SBX Genérico,,,
FALTA FOTO,89,14831,,11141130,CCup Acero SBX Genérico,,SÍ,ACTIVO,CCup Acero SBX Genérico,,,
FALTA FOTO,89,15068,,11144118,CCup Acero SBX Genérico,,SÍ,ACTIVO,CCup Acero SBX Genérico,,,
FALTA FOTO,89,15079,,11144121,CCup Acero SBX Genérico,,SÍ,ACTIVO,CCup Acero SBX Genérico,,,
FALTA FOTO,89,15173,,11146191,CCup Acero SBX Genérico,,SÍ,ACTIVO,CCup Acero SBX Genérico,,,
FALTA FOTO,89,15174,,11146195,CCup Acero SBX Genérico,,SÍ,ACTIVO,CCup Acero SBX Genérico,,,
FALTA FOTO,89,15181,,11146166,Set Reusa SBX Genérico,,SÍ,ACTIVO,Set Reusa SBX Genérico,,,
FALTA FOTO,89,15230,,11150122,CCup Acero SBX Genérico,,SÍ,ACTIVO,CCup Acero SBX Genérico,,,
FALTA FOTO,89,15474,,11149622,CCup Acero SBX Genérico,,SÍ,ACTIVO,CCup Acero SBX Genérico,,,
FALTA FOTO,89,15475,,11149614,CCup Acero SBX Genérico,,SÍ,ACTIVO,CCup Acero SBX Genérico,,,
FALTA FOTO,89,15483,,11149618,CCup Acero SBX Genérico,,SÍ,ACTIVO,CCup Acero SBX Genérico,,,
FALTA FOTO,89,53836,,,CCup Acero SBX Genérico,,NO,ACTIVO,CCup Acero SBX Genérico,,,
FALTA FOTO,89,53845,,,Set Reusa SBX Genérico,,NO,ACTIVO,Set Reusa SBX Genérico,,,
FALTA FOTO,88,15793,149691,,Res SS16GoldShin,55149 C1P SS TMBLR GOLD SHINE RB 16OZ,NO,ACTIVO,Res SS16GoldShin,,,
FALTA FOTO,88,16284,149915,11160991,COR25SS16Sleeve,60991 C2P CORE RECYCLD SS SLEEVE SI 16OZ,NO,ACTIVO,COR25SS16Sleeve,,,
FALTA FOTO,84,14887,150093,11141100,COR23 GlCC18 Omb,41100 C2P CORE GLASS CLD CUP OMBRE 18OZ,NO,ACTIVO,COR23 GlCC18 Omb,,,
FALTA FOTO,83,16547,150044,11177274,Wt26SSCC24Win,77274 C2P W26 SS HT CLD CP 24OZ,NO,ACTIVO,Wt26SSCC24Win,,,
FALTA FOTO,81,16455,149990,11172965,Xm25Tu16CPing,72965 C1P XM25 TMBLR WINTER FRIENDS 16OZ,NO,ACTIVO,Xm25Tu16CPing,,,
FALTA FOTO,81,16658,152588,11176708,Wt26GlassCC16,76708 C1P SP26 RCLD GLS CDCP LID 16OZ,NO,ACTIVO,Wt26GlassCC16,,,
FALTA FOTO,78,16603,152543,NA,Xm25Reu1Hol,VASO/TAPA 16OZ REUSABLE PRO10IM2 CJ52PZA,NO,ACTIVO,Xm25Reu1Hol,,,
FALTA FOTO,78,53958,,,Xm25Reu1Hol,,NO,ACTIVO,Xm25Reu1Hol,,,
FALTA FOTO,77,16721,152969,NA,Sp26SS16Under,77962 C1P SP26 WTBL SS NAP 16OZ,NO,ACTIVO,Sp26SS16Under,,,
FALTA FOTO,75,16454,149989,,Xm25Give16CC,72964 P20P XM25 CLD CUP HOL STORE 16OZ,NO,ACTIVO,Xm25Give16CC,,,
FALTA FOTO,75,16545,150042,11174808,Wt26SSCC24Grad,74808 C2P W26 SS VC CDCP CRRYLP 24OZ,NO,ACTIVO,Wt26SSCC24Grad,,,
FALTA FOTO,74,16607,152544,11177964,Sp26WTBLSS16Cher,77964 C1P SS WTBL CORGICHERRYBLSM 16.9OZ,NO,ACTIVO,Sp26WTBLSS16Cher,,,
FALTA FOTO,73,16129,149827,11164293,SI25Tz14Glass,64293 C2P S25 GLASS MUG SAFARI 14OZ,NO,ACTIVO,SI25Tz14Glass,,,
FALTA FOTO,72,16152,149841,11164316,SI25KeyChainCC,64316 C4P S25 COLD CUP KEYCHAIN PRISM GR,NO,ACTIVO,SI25KeyChainCC,,,
FALTA FOTO,72,16453,149988,11172962,Xm25Tu16Charm,72962 C1P XM25 TMBLR PATTERNED GIFT 16OZ,NO,ACTIVO,Xm25Tu16Charm,,,
FALTA FOTO,70,16729,152971,NA,Wt26ReusBear,VASO/TAPA 16OZ REUSABLE PRO11OSO CJ52PZA,NO,ACTIVO,Wt26ReusBear,,,
FALTA FOTO,67,14925,150101,11141134,COR23 SS25StyBTL,41134 C1P CORE SS VAC THERMAL BTL 25OZ,NO,ACTIVO,COR23 SS25StyBTL,,,
FALTA FOTO,67,16417,149970,NA,Fl25ReusBar,VASO/TAPA 16OZ REUSABLE PROM7 CJ52PZA,NO,ACTIVO,Fl25ReusBar,,,
FALTA FOTO,67,16549,150046,11174803,Wt262PkStanley,74803 C2P W26 SS VC STNLY 2PK 20OZ,NO,ACTIVO,Wt262PkStanley,,,
FALTA FOTO,67,16780,154123,NA,Sp26WTBL19Under,79953 C1P SP26 WTBL NAP UNDER TW 19.5OZ,NO,ACTIVO,Sp26WTBL19Under,,,
FALTA FOTO,61,16661,152591,11176720,Wt26SSCC30Togo,76720 C1P SP26 SS VAC CLDTG 30OZ,NO,ACTIVO,Wt26SSCC30Togo,,,
FALTA FOTO,60,16541,150038,11174804,Wt26BTLStanley,74804 C1P W26 SS VAC WTRBTL STNLY 20OZ,NO,ACTIVO,Wt26BTLStanley,,,
FALTA FOTO,60,16653,152583,11170124,DiscoveryVER,70124 C4P DIS STN MUG VERACRUZ 14OZ,NO,ACTIVO,DiscoveryVER,,,
FALTA FOTO,59,16597,152537,11170195,ToteBag Tulum,70195 P2P TOTE BAG TULUM,NO,ACTIVO,ToteBag Tulum,,,
FALTA FOTO,59,16665,152595,11176701,Sp26CC216Rabbit,76701 C2P SP26 PLSTC HTCLDCP STRCH 24OZ,NO,ACTIVO,Sp26CC216Rabbit,,,
FALTA FOTO,58,16640,152570,11170112,DiscoveryMazatla,70112 C4P DIS STN MUG MAZATLAN 14OZ,NO,ACTIVO,DiscoveryMazatla,,,
FALTA FOTO,57,16470,150005,11172971,Xm25CC24Hol,72971 C2P XM25 HOTCLD TMBLR ORNAMEN 24OZ,NO,ACTIVO,Xm25CC24Hol,,,
FALTA FOTO,55,16156,149844,11164258,SI25DW12Beach,64258 C2P S25 CERMC TMBLR BEACH 12OZ,NO,ACTIVO,SI25DW12Beach,,,
FALTA FOTO,55,16558,150055,11177275,Wt26SS20SV,77275 C2P W26 SS VC TBLR VDAY 20OZ,NO,ACTIVO,Wt26SS20SV,,,
FALTA FOTO,51,16573,150061,11175037,Wt26Tu16Charm,75037 C2P W26 PLS TBLR VDAY 16OZ,NO,ACTIVO,Wt26Tu16Charm,,,
FALTA FOTO,50,16548,150045,11174801,Wt26SSBTL20SV,74801 C2P W26 SS VC WTRBTL TWSIP 20OZ,NO,ACTIVO,Wt26SSBTL20SV,,,
FALTA FOTO,49,16553,150050,11174800,Wt26BTL20Gr,74800 C2P W26 SS VC WTRBTL GRDNT 20OZ,NO,ACTIVO,Wt26BTL20Gr,,,
FALTA FOTO,48,16261,149895,NA,SI25ReusDelivery,VASO/TAPA 16OZ REUSABLE PROM5 CJ52PZAS,NO,ACTIVO,SI25ReusDelivery,,,
FALTA FOTO,47,16598,152538,11170192,ToteBag Cozumel,70192 P2P TOTE BAG COZUMEL,NO,ACTIVO,ToteBag Cozumel,,,
FALTA FOTO,47,16669,152599,11176711,Sp26Gl18Mottled,76711 C2P SP26 GLS CDCP MTTLD 18OZ,NO,ACTIVO,Sp26Gl18Mottled,,,
FALTA FOTO,47,16693,152623,11170157,Disc2ozPuebla,70157 C4P DIS STN MUG PUEBLA 2OZ,NO,ACTIVO,Disc2ozPuebla,,,
FALTA FOTO,45,16472,150007,11172975,Xm25BTL24Magn,72975 C2P XM25 WTR BTL MAGNET STAR 24OZ,NO,ACTIVO,Xm25BTL24Magn,,,
FALTA FOTO,45,16659,152589,11176714,Wt26SS16Vac,76714 C2P SP26 SS VAC TBLR 16OZ,NO,ACTIVO,Wt26SS16Vac,,,
FALTA FOTO,40,16170,149858,11164302,SI25SSCC24Swimm,64302 C2P S25 VAC CLD CUP PEARL SWM 24OZ,NO,ACTIVO,SI25SSCC24Swimm,,,
FALTA FOTO,39,16556,150053,11174799,Wt26SSCC16Grad,74799 C2P W26 SS CDCP GRDNT 16OZ,NO,ACTIVO,Wt26SSCC16Grad,,,
FALTA FOTO,38,16280,149911,11169460,Fl25SSCC24Sust,69460 C2P F25 RC SS COLD CUP PURPLE 24OZ,NO,ACTIVO,Fl25SSCC24Sust,,,
FALTA FOTO,38,16608,152545,11176612,Wt26CC15Blue,76612 C1P SS CCUP ANANAS BLUE 15OZ,NO,ACTIVO,Wt26CC15Blue,,,
FALTA FOTO,37,16544,150041,11177277,Wt26CC24Choco,77277 C2P W26 PLS CDCP DRP 24OZ,NO,ACTIVO,Wt26CC24Choco,,,
FALTA FOTO,35,16258,149892,11171524,SII25ReusColor,71524 P10P S25 COLD CUP/LID/CHA/BDY 24OZ,NO,ACTIVO,SII25ReusColor,,,
FALTA FOTO,35,16296,149927,11169487,Fl25Pines,69487 P12P F25 PIN SET SPACE BEARISTA,NO,ACTIVO,Fl25Pines,,,
FALTA FOTO,34,15067,149524,11144079,Tumb Plastic SBX Genérico,44079 C1P F23 TMBLR CALAVERA CHARM 16OZ,SÍ,ACTIVO,Tumb Plastic SBX Genérico,,,
FALTA FOTO,34,15188,149537,11141071,Tumb Plastic SBX Genérico,41071 C2P CORE TMBLR SUSTAIN RECYCL 16OZ,SÍ,ACTIVO,"COR25Tu16Susta, Tumb Plastic SBX Genérico",,,
FALTA FOTO,34,15307,149548,11147712,Tumb Plastic SBX Genérico,47712 C1P W24 TMBLR CHARM 16OZ,SÍ,ACTIVO,Tumb Plastic SBX Genérico,,,
FALTA FOTO,34,15313,149553,11147741,Tumb Plastic SBX Genérico,47741 C1P W24 SS TMBLR DOODLE IT 16OZ,SÍ,ACTIVO,Tumb Plastic SBX Genérico,,,
FALTA FOTO,34,15497,150114,11150724,Tumb Plastic SBX Genérico,50724 C2P S24 TMBLR SOFT TOUCH 20OZ,SÍ,ACTIVO,Tumb Plastic SBX Genérico,,,
FALTA FOTO,34,15498,150115,11150708,Tumb Plastic SBX Genérico,50708 C1P S24 TMBLR CHARM SOFT 16OZ,SÍ,ACTIVO,Tumb Plastic SBX Genérico,,,
FALTA FOTO,34,15499,150116,11150715,Tumb Plastic SBX Genérico,50715 C2P S24 PLSTC TMBLR TEXTURED 16OZ,SÍ,ACTIVO,Tumb Plastic SBX Genérico,,,
FALTA FOTO,34,15503,150117,11150731,Tumb Plastic SBX Genérico,50731 C2P S24 CLD CUP WAVY 24OZ,SÍ,ACTIVO,Tumb Plastic SBX Genérico,,,
FALTA FOTO,34,15510,149591,11150712,Tumb Plastic SBX Genérico,50712 C1P S24 CHARM MOTHERS DAY 16OZ,SÍ,ACTIVO,Tumb Plastic SBX Genérico,,,
FALTA FOTO,34,15515,149596,11150739,Tumb Plastic SBX Genérico,50739 C2P S24 CLD CUP CRAYON 24OZ,SÍ,ACTIVO,Tumb Plastic SBX Genérico,,,
FALTA FOTO,34,15518,149599,11150719,Tumb Plastic SBX Genérico,50719 C1P S24 TMBLR CHARM 90S 16OZ,SÍ,ACTIVO,Tumb Plastic SBX Genérico,,,
FALTA FOTO,34,15711,149655,11153981,Tumb Plastic SBX Genérico,53981 C1P F24 TMBLR CHARM MARBLE 16OZ,SÍ,ACTIVO,Tumb Plastic SBX Genérico,,,
FALTA FOTO,34,15719,149660,11153985,Tumb Plastic SBX Genérico,53985 C1P F24 TMBLR STAR ANNIVERSARY16OZ,SÍ,ACTIVO,Tumb Plastic SBX Genérico,,,
FALTA FOTO,34,15725,149666,11153989,Tumb Plastic SBX Genérico,53989 C1P F24 TMBLR CAT CHARM 16OZ,SÍ,ACTIVO,Tumb Plastic SBX Genérico,,,
FALTA FOTO,34,15739,149671,11153987,Tumb Plastic SBX Genérico,53987 C2P F24 TMBLR SUSTAIN RECYCLD 16OZ,SÍ,ACTIVO,Tumb Plastic SBX Genérico,,,
FALTA FOTO,34,15845,149709,11157518,Tumb Plastic SBX Genérico,57518 C2P XM24 TMBLR LIGHT BLUE 20OZ,SÍ,ACTIVO,Tumb Plastic SBX Genérico,,,
FALTA FOTO,34,15848,150132,11157521,Tumb Plastic SBX Genérico,57521 C2P XM24 TMBLR GINGERBREAD 16OZ,SÍ,ACTIVO,Tumb Plastic SBX Genérico,,,
FALTA FOTO,34,16051,149758,11162617,Tumb Plastic SBX Genérico,62617 C2P SP25 TMBLR FERRIS WHEEL 16OZ,SÍ,ACTIVO,Tumb Plastic SBX Genérico,,,
FALTA FOTO,34,14921,150098,11141115,COR23 SS16 ThruL,41115 C2P CORE SS TMBLR DR TH BANDE 16OZ,NO,ACTIVO,COR23 SS16 ThruL,,,
FALTA FOTO,34,15953,150144,11160966,Tumb Plastic SBX Genérico,60966 C2P W25 PLSTC TMBLR CAT/MOON 20OZ,NO,ACTIVO,Tumb Plastic SBX Genérico,,,
FALTA FOTO,34,15955,150146,11160969,Tumb Plastic SBX Genérico,60969 C2P W25 WTR BTL COLLAPSIBLE 24OZ,NO,ACTIVO,Tumb Plastic SBX Genérico,,,
FALTA FOTO,34,15958,150147,11160977,Tumb Plastic SBX Genérico,60977 C2P W25 TMBLR HEART SHAPPED 10OZ,NO,ACTIVO,Tumb Plastic SBX Genérico,,,
FALTA FOTO,34,16660,152590,11176719,Wt26SSCC24CarryL,76719 C2P SP26 SS VAC CDCP CRRLP 24OZ,NO,ACTIVO,Wt26SSCC24CarryL,,,
FALTA FOTO,34,12027,,11091117,Tumb Plastic SBX Genérico,,SÍ,ACTIVO,Tumb Plastic SBX Genérico,,,
FALTA FOTO,34,12028,,11091119,Tumb Plastic SBX Genérico,,SÍ,ACTIVO,Tumb Plastic SBX Genérico,,,
FALTA FOTO,34,12117,,11096290,Tumb Plastic SBX Genérico,,SÍ,ACTIVO,Tumb Plastic SBX Genérico,,,
FALTA FOTO,34,12120,,11096276,Tumb Plastic SBX Genérico,,SÍ,ACTIVO,Tumb Plastic SBX Genérico,,,
FALTA FOTO,34,12121,,11096291,Tumb Plastic SBX Genérico,,SÍ,ACTIVO,Tumb Plastic SBX Genérico,,,
FALTA FOTO,34,12122,,11096292,Tumb Plastic SBX Genérico,,SÍ,ACTIVO,Tumb Plastic SBX Genérico,,,
FALTA FOTO,34,12143,,11094845,Tumb Plastic SBX Genérico,,SÍ,ACTIVO,Tumb Plastic SBX Genérico,,,
FALTA FOTO,34,12144,,11094846,Tumb Plastic SBX Genérico,,SÍ,ACTIVO,Tumb Plastic SBX Genérico,,,
FALTA FOTO,34,12145,,11094847,Tumb Plastic SBX Genérico,,SÍ,ACTIVO,Tumb Plastic SBX Genérico,,,
FALTA FOTO,34,12236,,11096163,Tumb Plastic SBX Genérico,,SÍ,ACTIVO,Tumb Plastic SBX Genérico,,,
FALTA FOTO,34,12237,,11096164,Tumb Plastic SBX Genérico,,SÍ,ACTIVO,Tumb Plastic SBX Genérico,,,
FALTA FOTO,34,12238,,11096165,Tumb Plastic SBX Genérico,,SÍ,ACTIVO,Tumb Plastic SBX Genérico,,,
FALTA FOTO,34,12249,,11093768,Tumb Plastic SBX Genérico,,SÍ,ACTIVO,Tumb Plastic SBX Genérico,,,
FALTA FOTO,34,12288,,11096166,Tumb Plastic SBX Genérico,,SÍ,ACTIVO,Tumb Plastic SBX Genérico,,,
FALTA FOTO,34,12289,,11096167,Tumb Plastic SBX Genérico,,SÍ,ACTIVO,Tumb Plastic SBX Genérico,,,
FALTA FOTO,34,12290,,11096172,Tumb Plastic SBX Genérico,,SÍ,ACTIVO,Tumb Plastic SBX Genérico,,,
FALTA FOTO,34,12291,,11096173,Tumb Plastic SBX Genérico,,SÍ,ACTIVO,Tumb Plastic SBX Genérico,,,
FALTA FOTO,34,12292,,11096175,Tumb Plastic SBX Genérico,,SÍ,ACTIVO,Tumb Plastic SBX Genérico,,,
FALTA FOTO,34,12316,,11101958,Tumb Plastic SBX Genérico,,SÍ,ACTIVO,Tumb Plastic SBX Genérico,,,
FALTA FOTO,34,12388,,11101962,Tumb Plastic SBX Genérico,,SÍ,ACTIVO,Tumb Plastic SBX Genérico,,,
FALTA FOTO,34,12389,,11102060,Tumb Plastic SBX Genérico,,SÍ,ACTIVO,Tumb Plastic SBX Genérico,,,
FALTA FOTO,34,12394,,11101959,Tumb Plastic SBX Genérico,,SÍ,ACTIVO,Tumb Plastic SBX Genérico,,,
FALTA FOTO,34,12396,,11101963,Tumb Plastic SBX Genérico,,SÍ,ACTIVO,Tumb Plastic SBX Genérico,,,
FALTA FOTO,34,12459,,11103782,Tumb Plastic SBX Genérico,,SÍ,ACTIVO,Tumb Plastic SBX Genérico,,,
FALTA FOTO,34,12460,,11103783,Tumb Plastic SBX Genérico,,SÍ,ACTIVO,Tumb Plastic SBX Genérico,,,
FALTA FOTO,34,12463,,11103790,Tumb Plastic SBX Genérico,,SÍ,ACTIVO,Tumb Plastic SBX Genérico,,,
FALTA FOTO,34,12472,,11091723,Tumb Plastic SBX Genérico,,SÍ,ACTIVO,Tumb Plastic SBX Genérico,,,
FALTA FOTO,34,12473,,11091727,Tumb Plastic SBX Genérico,,SÍ,ACTIVO,Tumb Plastic SBX Genérico,,,
FALTA FOTO,34,12474,,11091787,Tumb Plastic SBX Genérico,,SÍ,ACTIVO,Tumb Plastic SBX Genérico,,,
FALTA FOTO,34,12475,,11091799,Tumb Plastic SBX Genérico,,SÍ,ACTIVO,Tumb Plastic SBX Genérico,,,
FALTA FOTO,34,12476,,11091810,Tumb Plastic SBX Genérico,,SÍ,ACTIVO,Tumb Plastic SBX Genérico,,,
FALTA FOTO,34,12551,,11109976,Tumb Plastic SBX Genérico,,SÍ,ACTIVO,Tumb Plastic SBX Genérico,,,
FALTA FOTO,34,12556,,11109984,Tumb Plastic SBX Genérico,,SÍ,ACTIVO,Tumb Plastic SBX Genérico,,,
FALTA FOTO,34,12557,,11109985,Tumb Plastic SBX Genérico,,SÍ,ACTIVO,Tumb Plastic SBX Genérico,,,
FALTA FOTO,34,12636,,11111774,Tumb Plastic SBX Genérico,,SÍ,ACTIVO,Tumb Plastic SBX Genérico,,,
FALTA FOTO,34,12637,,11111775,Tumb Plastic SBX Genérico,,SÍ,ACTIVO,Tumb Plastic SBX Genérico,,,
FALTA FOTO,34,12638,,11111776,Tumb Plastic SBX Genérico,,SÍ,ACTIVO,Tumb Plastic SBX Genérico,,,
FALTA FOTO,34,12662,,11111773,Tumb Plastic SBX Genérico,,SÍ,ACTIVO,Tumb Plastic SBX Genérico,,,
FALTA FOTO,34,12712,,11112588,Tumb Plastic SBX Genérico,,SÍ,ACTIVO,Tumb Plastic SBX Genérico,,,
FALTA FOTO,34,12745,,11112595,Tumb Plastic SBX Genérico,,SÍ,ACTIVO,Tumb Plastic SBX Genérico,,,
FALTA FOTO,34,12783,,11115396,Tumb Plastic SBX Genérico,,SÍ,ACTIVO,Tumb Plastic SBX Genérico,,,
FALTA FOTO,34,12784,,11115399,Tumb Plastic SBX Genérico,,SÍ,ACTIVO,Tumb Plastic SBX Genérico,,,
FALTA FOTO,34,12785,,11115486,Tumb Plastic SBX Genérico,,SÍ,ACTIVO,Tumb Plastic SBX Genérico,,,
FALTA FOTO,34,12786,,11115488,Tumb Plastic SBX Genérico,,SÍ,ACTIVO,Tumb Plastic SBX Genérico,,,
FALTA FOTO,34,12787,,11115530,Tumb Plastic SBX Genérico,,SÍ,ACTIVO,Tumb Plastic SBX Genérico,,,
FALTA FOTO,34,12788,,11115531,Tumb Plastic SBX Genérico,,SÍ,ACTIVO,Tumb Plastic SBX Genérico,,,
FALTA FOTO,34,12791,,11115537,Tumb Plastic SBX Genérico,,SÍ,ACTIVO,Tumb Plastic SBX Genérico,,,
FALTA FOTO,34,12795,,11115544,Tumb Plastic SBX Genérico,,SÍ,ACTIVO,Tumb Plastic SBX Genérico,,,
FALTA FOTO,34,12797,,11115546,Tumb Plastic SBX Genérico,,SÍ,ACTIVO,Tumb Plastic SBX Genérico,,,
FALTA FOTO,34,12798,,11115547,Tumb Plastic SBX Genérico,,SÍ,ACTIVO,Tumb Plastic SBX Genérico,,,
FALTA FOTO,34,12817,,11115397,Tumb Plastic SBX Genérico,,SÍ,ACTIVO,Tumb Plastic SBX Genérico,,,
FALTA FOTO,34,12904,,11117003,Tumb Plastic SBX Genérico,,SÍ,ACTIVO,Tumb Plastic SBX Genérico,,,
FALTA FOTO,34,12906,,11117005,Tumb Plastic SBX Genérico,,SÍ,ACTIVO,Tumb Plastic SBX Genérico,,,
FALTA FOTO,34,12911,,11117010,Tumb Plastic SBX Genérico,,SÍ,ACTIVO,Tumb Plastic SBX Genérico,,,
FALTA FOTO,34,12912,,11117011,Tumb Plastic SBX Genérico,,SÍ,ACTIVO,Tumb Plastic SBX Genérico,,,
FALTA FOTO,34,12913,,11117012,Tumb Plastic SBX Genérico,,SÍ,ACTIVO,Tumb Plastic SBX Genérico,,,
FALTA FOTO,34,12918,,11117016,Tumb Plastic SBX Genérico,,SÍ,ACTIVO,Tumb Plastic SBX Genérico,,,
FALTA FOTO,34,12919,,11117017,Tumb Plastic SBX Genérico,,SÍ,ACTIVO,Tumb Plastic SBX Genérico,,,
FALTA FOTO,34,12922,,11117019,Tumb Plastic SBX Genérico,,SÍ,ACTIVO,Tumb Plastic SBX Genérico,,,
FALTA FOTO,34,12978,,11118184,Tumb Plastic SBX Genérico,,SÍ,ACTIVO,Tumb Plastic SBX Genérico,,,
FALTA FOTO,34,12979,,11118187,Tumb Plastic SBX Genérico,,SÍ,ACTIVO,Tumb Plastic SBX Genérico,,,
FALTA FOTO,34,12986,,11112589,Tumb Plastic SBX Genérico,,SÍ,ACTIVO,Tumb Plastic SBX Genérico,,,
FALTA FOTO,34,13379,,11118200,Tumb Plastic SBX Genérico,,SÍ,ACTIVO,Tumb Plastic SBX Genérico,,,
FALTA FOTO,34,13380,,11118204,Tumb Plastic SBX Genérico,,SÍ,ACTIVO,Tumb Plastic SBX Genérico,,,
FALTA FOTO,34,13381,,11118212,Tumb Plastic SBX Genérico,,SÍ,ACTIVO,Tumb Plastic SBX Genérico,,,
FALTA FOTO,34,13383,,11118215,Tumb Plastic SBX Genérico,,SÍ,ACTIVO,Tumb Plastic SBX Genérico,,,
FALTA FOTO,34,13453,,11121196,Tumb Plastic SBX Genérico,,SÍ,ACTIVO,Tumb Plastic SBX Genérico,,,
FALTA FOTO,34,13720,,11124279,Tumb Plastic SBX Genérico,,SÍ,ACTIVO,Tumb Plastic SBX Genérico,,,
FALTA FOTO,34,13721,,11124280,Tumb Plastic SBX Genérico,,SÍ,ACTIVO,Tumb Plastic SBX Genérico,,,
FALTA FOTO,34,13722,,11124281,Tumb Plastic SBX Genérico,,SÍ,ACTIVO,Tumb Plastic SBX Genérico,,,
FALTA FOTO,34,13725,,11124291,Tumb Plastic SBX Genérico,,SÍ,ACTIVO,Tumb Plastic SBX Genérico,,,
FALTA FOTO,34,13727,,11124293,Tumb Plastic SBX Genérico,,SÍ,ACTIVO,Tumb Plastic SBX Genérico,,,
FALTA FOTO,34,13728,,11124294,Tumb Plastic SBX Genérico,,SÍ,ACTIVO,Tumb Plastic SBX Genérico,,,
FALTA FOTO,34,13729,,11124723,Tumb Plastic SBX Genérico,,SÍ,ACTIVO,Tumb Plastic SBX Genérico,,,
FALTA FOTO,34,13730,,11124724,Tumb Plastic SBX Genérico,,SÍ,ACTIVO,Tumb Plastic SBX Genérico,,,
FALTA FOTO,34,13732,,11124720,Tumb Plastic SBX Genérico,,SÍ,ACTIVO,Tumb Plastic SBX Genérico,,,
FALTA FOTO,34,13735,,11124926,Tumb Plastic SBX Genérico,,SÍ,ACTIVO,Tumb Plastic SBX Genérico,,,
FALTA FOTO,34,13838,,11126373,Tumb Plastic SBX Genérico,,SÍ,ACTIVO,Tumb Plastic SBX Genérico,,,
FALTA FOTO,34,13848,,11126381,Tumb Plastic SBX Genérico,,SÍ,ACTIVO,Tumb Plastic SBX Genérico,,,
FALTA FOTO,34,14033,,11127808,Tumb Plastic SBX Genérico,,SÍ,ACTIVO,Tumb Plastic SBX Genérico,,,
FALTA FOTO,34,14034,,11128420,Tumb Plastic SBX Genérico,,SÍ,ACTIVO,Tumb Plastic SBX Genérico,,,
FALTA FOTO,34,14040,,11127824,Tumb Plastic SBX Genérico,,SÍ,ACTIVO,Tumb Plastic SBX Genérico,,,
FALTA FOTO,34,14041,,11128423,Tumb Plastic SBX Genérico,,SÍ,ACTIVO,Tumb Plastic SBX Genérico,,,
FALTA FOTO,34,14147,,11129113,Tumb Plastic SBX Genérico,,SÍ,ACTIVO,Tumb Plastic SBX Genérico,,,
FALTA FOTO,34,14151,,11129123,Tumb Plastic SBX Genérico,,SÍ,ACTIVO,Tumb Plastic SBX Genérico,,,
FALTA FOTO,34,14153,,11129131,Tumb Plastic SBX Genérico,,SÍ,ACTIVO,Tumb Plastic SBX Genérico,,,
FALTA FOTO,34,14156,,11129139,Tumb Plastic SBX Genérico,,SÍ,ACTIVO,Tumb Plastic SBX Genérico,,,
FALTA FOTO,34,14164,,11130182,Tumb Plastic SBX Genérico,,SÍ,ACTIVO,Tumb Plastic SBX Genérico,,,
FALTA FOTO,34,14165,,11130183,Tumb Plastic SBX Genérico,,SÍ,ACTIVO,Tumb Plastic SBX Genérico,,,
FALTA FOTO,34,14174,,11130193,Tumb Plastic SBX Genérico,,SÍ,ACTIVO,Tumb Plastic SBX Genérico,,,
FALTA FOTO,34,14176,,11130195,Tumb Plastic SBX Genérico,,SÍ,ACTIVO,Tumb Plastic SBX Genérico,,,
FALTA FOTO,34,14331,,11131769,Tumb Plastic SBX Genérico,,SÍ,ACTIVO,Tumb Plastic SBX Genérico,,,
FALTA FOTO,34,14339,,11131654,Tumb Plastic SBX Genérico,,SÍ,ACTIVO,Tumb Plastic SBX Genérico,,,
FALTA FOTO,34,14340,,11130713,Tumb Plastic SBX Genérico,,SÍ,ACTIVO,Tumb Plastic SBX Genérico,,,
FALTA FOTO,34,14348,,11131129,Tumb Plastic SBX Genérico,,SÍ,ACTIVO,Tumb Plastic SBX Genérico,,,
FALTA FOTO,34,14351,,11130727,Tumb Plastic SBX Genérico,,SÍ,ACTIVO,Tumb Plastic SBX Genérico,,,
FALTA FOTO,34,14360,,11136363,Tumb Plastic SBX Genérico,,SÍ,ACTIVO,Tumb Plastic SBX Genérico,,,
FALTA FOTO,34,14447,,11133715,Tumb Plastic SBX Genérico,,SÍ,ACTIVO,Tumb Plastic SBX Genérico,,,
FALTA FOTO,34,14450,,11133720,Tumb Plastic SBX Genérico,,SÍ,ACTIVO,Tumb Plastic SBX Genérico,,,
FALTA FOTO,34,14593,,11136000,Tumb Plastic SBX Genérico,,SÍ,ACTIVO,Tumb Plastic SBX Genérico,,,
FALTA FOTO,34,14594,,11136001,Tumb Plastic SBX Genérico,,SÍ,ACTIVO,Tumb Plastic SBX Genérico,,,
FALTA FOTO,34,14600,,11135989,Tumb Plastic SBX Genérico,,SÍ,ACTIVO,Tumb Plastic SBX Genérico,,,
FALTA FOTO,34,14601,,11135990,Tumb Plastic SBX Genérico,,SÍ,ACTIVO,Tumb Plastic SBX Genérico,,,
FALTA FOTO,34,14603,,11136488,Tumb Plastic SBX Genérico,,SÍ,ACTIVO,Tumb Plastic SBX Genérico,,,
FALTA FOTO,34,14703,,11138076,Tumb Plastic SBX Genérico,,SÍ,ACTIVO,Tumb Plastic SBX Genérico,,,
FALTA FOTO,34,14704,,11138078,Tumb Plastic SBX Genérico,,SÍ,ACTIVO,Tumb Plastic SBX Genérico,,,
FALTA FOTO,34,14713,,11138098,Tumb Plastic SBX Genérico,,SÍ,ACTIVO,Tumb Plastic SBX Genérico,,,
FALTA FOTO,34,14714,,11138100,Tumb Plastic SBX Genérico,,SÍ,ACTIVO,Tumb Plastic SBX Genérico,,,
FALTA FOTO,34,14754,,11140091,Tumb Plastic SBX Genérico,,SÍ,ACTIVO,Tumb Plastic SBX Genérico,,,
FALTA FOTO,34,14761,,11140075,Tumb Plastic SBX Genérico,,SÍ,ACTIVO,Tumb Plastic SBX Genérico,,,
FALTA FOTO,34,14762,,11140067,Tumb Plastic SBX Genérico,,SÍ,ACTIVO,Tumb Plastic SBX Genérico,,,
FALTA FOTO,34,14767,,11140104,Tumb Plastic SBX Genérico,,SÍ,ACTIVO,Tumb Plastic SBX Genérico,,,
FALTA FOTO,34,14778,,11140077,Tumb Plastic SBX Genérico,,SÍ,ACTIVO,Tumb Plastic SBX Genérico,,,
FALTA FOTO,34,14828,,11141060,Tumb Plastic SBX Genérico,,SÍ,ACTIVO,Tumb Plastic SBX Genérico,,,
FALTA FOTO,34,14829,,11141061,Tumb Plastic SBX Genérico,,SÍ,ACTIVO,Tumb Plastic SBX Genérico,,,
FALTA FOTO,34,14830,,11141062,Tumb Plastic SBX Genérico,,SÍ,ACTIVO,Tumb Plastic SBX Genérico,,,
FALTA FOTO,34,14838,,11141184,Tumb Plastic SBX Genérico,,SÍ,ACTIVO,Tumb Plastic SBX Genérico,,,
FALTA FOTO,34,14839,,11141063,Tumb Plastic SBX Genérico,,SÍ,ACTIVO,Tumb Plastic SBX Genérico,,,
FALTA FOTO,34,14841,,11141086,Tumb Plastic SBX Genérico,,SÍ,ACTIVO,Tumb Plastic SBX Genérico,,,
FALTA FOTO,34,14843,,11141087,Tumb Plastic SBX Genérico,,SÍ,ACTIVO,Tumb Plastic SBX Genérico,,,
FALTA FOTO,34,15056,,11144077,Tumb Plastic SBX Genérico,,SÍ,ACTIVO,Tumb Plastic SBX Genérico,,,
FALTA FOTO,34,15073,,11144081,Tumb Plastic SBX Genérico,,SÍ,ACTIVO,Tumb Plastic SBX Genérico,,,
FALTA FOTO,34,15078,,11144085,Tumb Plastic SBX Genérico,,SÍ,ACTIVO,Tumb Plastic SBX Genérico,,,
FALTA FOTO,34,15159,,11146164,Tumb Plastic SBX Genérico,,SÍ,ACTIVO,Tumb Plastic SBX Genérico,,,
FALTA FOTO,34,15160,,11146158,Tumb Plastic SBX Genérico,,SÍ,ACTIVO,Tumb Plastic SBX Genérico,,,
FALTA FOTO,34,15164,,11146159,Tumb Plastic SBX Genérico,,SÍ,ACTIVO,Tumb Plastic SBX Genérico,,,
FALTA FOTO,34,15165,,11146161,Tumb Plastic SBX Genérico,,SÍ,ACTIVO,Tumb Plastic SBX Genérico,,,
FALTA FOTO,34,15182,,11146154,Tumb Plastic SBX Genérico,,SÍ,ACTIVO,Tumb Plastic SBX Genérico,,,
FALTA FOTO,34,15183,,11146266,Tumb Plastic SBX Genérico,,SÍ,ACTIVO,Tumb Plastic SBX Genérico,,,
FALTA FOTO,34,15306,,11147710,Tumb Plastic SBX Genérico,,SÍ,ACTIVO,Tumb Plastic SBX Genérico,,,
FALTA FOTO,34,15316,,11147731,Tumb Plastic SBX Genérico,,SÍ,ACTIVO,Tumb Plastic SBX Genérico,,,
FALTA FOTO,34,15464,,11149577,Tumb Plastic SBX Genérico,,SÍ,ACTIVO,Tumb Plastic SBX Genérico,,,
FALTA FOTO,34,15465,,11149580,Tumb Plastic SBX Genérico,,SÍ,ACTIVO,Tumb Plastic SBX Genérico,,,
FALTA FOTO,34,15471,,11149581,Tumb Plastic SBX Genérico,,SÍ,ACTIVO,Tumb Plastic SBX Genérico,,,
FALTA FOTO,34,15482,,11149584,Tumb Plastic SBX Genérico,,SÍ,ACTIVO,Tumb Plastic SBX Genérico,,,
FALTA FOTO,34,15712,,11153991,Tumb Plastic SBX Genérico,,SÍ,ACTIVO,Tumb Plastic SBX Genérico,,,
FALTA FOTO,34,53838,,,Tumb Plastic SBX Genérico,,NO,ACTIVO,Tumb Plastic SBX Genérico,,,
FALTA FOTO,33,14825,149502,11141119,Tumb acero SBX Genérico,41119 C1P S23 SS TMBLR GRADIENT 20OZ,SÍ,ACTIVO,Tumb acero SBX Genérico,,,
FALTA FOTO,33,15060,149522,11144110,Tumb acero SBX Genérico,44110 C1P F23 SS TMBLR FLORAL 20OZ,SÍ,ACTIVO,Tumb acero SBX Genérico,,,
FALTA FOTO,33,15491,150112,11150760,Tumb acero SBX Genérico,50760 C1P S24 SS TMBLR WAVY 20OZ,SÍ,ACTIVO,Tumb acero SBX Genérico,,,
FALTA FOTO,33,15492,149579,11150752,Tumb acero SBX Genérico,50752 C2P S24 SS TMBLR DR TH 16OZ,SÍ,ACTIVO,Tumb acero SBX Genérico,,,
FALTA FOTO,33,15493,150113,11150753,Tumb acero SBX Genérico,50753 C1P S24 SS TMBLR GRID 16OZ,SÍ,ACTIVO,Tumb acero SBX Genérico,,,
FALTA FOTO,33,15495,149581,11150761,Tumb acero SBX Genérico,50761 C1P S24 SS TMBLR PLEATED 20OZ,SÍ,ACTIVO,Tumb acero SBX Genérico,,,
FALTA FOTO,33,15511,149592,11150762,Tumb acero SBX Genérico,50762 C1P S24 SS TMBLR FATHERS DAY 20OZ,SÍ,ACTIVO,Tumb acero SBX Genérico,,,
FALTA FOTO,33,15519,149600,11150755,Tumb acero SBX Genérico,50755 C1P S24 SS TMBLR CHARM 90S 16OZ,SÍ,ACTIVO,Tumb acero SBX Genérico,,,
FALTA FOTO,33,15720,149661,11154018,Tumb acero SBX Genérico,54018 C1P F24 SS TMBLR ANNIVERSARY 20OZ,SÍ,ACTIVO,Tumb acero SBX Genérico,,,
FALTA FOTO,33,15724,149665,11154019,Tumb acero SBX Genérico,54019 C1P F24 SS TMBLR DIA MUERTOS 20OZ,SÍ,ACTIVO,Tumb acero SBX Genérico,,,
FALTA FOTO,33,15730,149668,11154015,Tumb acero SBX Genérico,54015 C1P F24 SS TMBLR HALLOWEEN 16OZ,SÍ,ACTIVO,Tumb acero SBX Genérico,,,
FALTA FOTO,33,15738,149670,11154005,Tumb acero SBX Genérico,54005 C2P F24 TMBLR SUSTAIN RECYCLD 12OZ,SÍ,ACTIVO,Tumb acero SBX Genérico,,,
FALTA FOTO,33,15843,149707,11157538,Tumb acero SBX Genérico,57538 C2P XM24 SS TMBLR DR TH LAYER 16OZ,SÍ,ACTIVO,Tumb acero SBX Genérico,,,
FALTA FOTO,33,15851,150134,11157540,Tumb acero SBX Genérico,57540 C1P XM24 SS TMBLR PLEAT MINT 16OZ,SÍ,ACTIVO,Tumb acero SBX Genérico,,,
FALTA FOTO,33,15855,150135,11157541,Tumb acero SBX Genérico,57541 C1P XM24 SS TMBLR GINGERBREAD16OZ,SÍ,ACTIVO,Tumb acero SBX Genérico,,,
FALTA FOTO,33,15858,149715,11157551,Tumb acero SBX Genérico,57551 C1P XM24 SS HOT CLD CUP LIGHT 24OZ,SÍ,ACTIVO,Tumb acero SBX Genérico,,,
FALTA FOTO,33,15877,149724,11161846,Tumb acero SBX Genérico,61846 C2P WCK24 SS TMBLR FLORAL 16OZ,SÍ,ACTIVO,Tumb acero SBX Genérico,,,
FALTA FOTO,33,15881,149728,11161847,Tumb acero SBX Genérico,61847 C2P WCK24 SS TMBLR GREEN GID 16OZ,SÍ,ACTIVO,Tumb acero SBX Genérico,,,
FALTA FOTO,33,15885,149732,11161848,Tumb acero SBX Genérico,61848 C2P WCK24 SS TMBLR GOLD 16OZ,SÍ,ACTIVO,Tumb acero SBX Genérico,,,
FALTA FOTO,33,16061,149768,11162624,Tumb acero SBX Genérico,62624 C2P SP25 SS TMBLR DR TH CARSL 16OZ,SÍ,ACTIVO,Tumb acero SBX Genérico,,,
FALTA FOTO,33,16093,149796,11163289,Tumb acero SBX Genérico,63289 C2P PNTS25 SS WTR BTL JOEKIND 16OZ,SÍ,ACTIVO,Tumb acero SBX Genérico,,,
FALTA FOTO,33,15850,149711,11157539,Tumb acero SBX Genérico,57539 C1P XM24 SS TMBLR MATTE PINK 16OZ,NO,ACTIVO,Tumb acero SBX Genérico,,,
FALTA FOTO,33,15959,150148,11160983,Tumb acero SBX Genérico,60983 C1P W25 SS TMBLR PLEATED LAV 16OZ,NO,ACTIVO,Tumb acero SBX Genérico,,,
FALTA FOTO,33,15960,150149,11160986,Tumb acero SBX Genérico,60986 C2P W25 SS TMBLR DR TH PLEATD 16OZ,NO,ACTIVO,Tumb acero SBX Genérico,,,
FALTA FOTO,33,16054,149761,11162619,Tumb acero SBX Genérico,62619 C2P SP25 SS TMBLR PEARL SLEVE 20OZ,NO,ACTIVO,Tumb acero SBX Genérico,,,
FALTA FOTO,33,16055,149762,11162620,Tumb acero SBX Genérico,62620 C2P SP25 SS TMBLR FLORAL 16OZ,NO,ACTIVO,Tumb acero SBX Genérico,,,
FALTA FOTO,33,16641,152571,11170117,DiscoveryMerida,70117 C4P DIS STN MUG MERIDA 14OZ,NO,ACTIVO,DiscoveryMerida,,,
FALTA FOTO,33,12026,,11093766,Tumb acero SBX Genérico,,SÍ,ACTIVO,Tumb acero SBX Genérico,,,
FALTA FOTO,33,12029,,11091120,Tumb acero SBX Genérico,,SÍ,ACTIVO,Tumb acero SBX Genérico,,,
FALTA FOTO,33,12030,,11091121,Tumb acero SBX Genérico,,SÍ,ACTIVO,Tumb acero SBX Genérico,,,
FALTA FOTO,33,12091,,11093765,Tumb acero SBX Genérico,,SÍ,ACTIVO,Tumb acero SBX Genérico,,,
FALTA FOTO,33,12092,,11093767,Tumb acero SBX Genérico,,SÍ,ACTIVO,Tumb acero SBX Genérico,,,
FALTA FOTO,33,12118,,11096274,Tumb acero SBX Genérico,,SÍ,ACTIVO,Tumb acero SBX Genérico,,,
FALTA FOTO,33,12119,,11096273,Tumb acero SBX Genérico,,SÍ,ACTIVO,Tumb acero SBX Genérico,,,
FALTA FOTO,33,12146,,11094849,Tumb acero SBX Genérico,,SÍ,ACTIVO,Tumb acero SBX Genérico,,,
FALTA FOTO,33,12147,,11094850,Tumb acero SBX Genérico,,SÍ,ACTIVO,Tumb acero SBX Genérico,,,
FALTA FOTO,33,12216,,11096156,Tumb acero SBX Genérico,,SÍ,ACTIVO,Tumb acero SBX Genérico,,,
FALTA FOTO,33,12217,,11096157,Tumb acero SBX Genérico,,SÍ,ACTIVO,Tumb acero SBX Genérico,,,
FALTA FOTO,33,12218,,11096158,Tumb acero SBX Genérico,,SÍ,ACTIVO,Tumb acero SBX Genérico,,,
FALTA FOTO,33,12315,,11101951,Tumb acero SBX Genérico,,SÍ,ACTIVO,Tumb acero SBX Genérico,,,
FALTA FOTO,33,12320,,11101965,Tumb acero SBX Genérico,,SÍ,ACTIVO,Tumb acero SBX Genérico,,,
FALTA FOTO,33,12392,,11101952,Tumb acero SBX Genérico,,SÍ,ACTIVO,Tumb acero SBX Genérico,,,
FALTA FOTO,33,12393,,11101953,Tumb acero SBX Genérico,,SÍ,ACTIVO,Tumb acero SBX Genérico,,,
FALTA FOTO,33,12461,,11103786,Tumb acero SBX Genérico,,SÍ,ACTIVO,Tumb acero SBX Genérico,,,
FALTA FOTO,33,12462,,11103788,Tumb acero SBX Genérico,,SÍ,ACTIVO,Tumb acero SBX Genérico,,,
FALTA FOTO,33,12465,,11091715,Tumb acero SBX Genérico,,SÍ,ACTIVO,Tumb acero SBX Genérico,,,
FALTA FOTO,33,12466,,11091714,Tumb acero SBX Genérico,,SÍ,ACTIVO,Tumb acero SBX Genérico,,,
FALTA FOTO,33,12478,,11103789,Tumb acero SBX Genérico,,SÍ,ACTIVO,Tumb acero SBX Genérico,,,
FALTA FOTO,33,12552,,11109977,Tumb acero SBX Genérico,,SÍ,ACTIVO,Tumb acero SBX Genérico,,,
FALTA FOTO,33,12553,,11109978,Tumb acero SBX Genérico,,SÍ,ACTIVO,Tumb acero SBX Genérico,,,
FALTA FOTO,33,12558,,11109986,Tumb acero SBX Genérico,,SÍ,ACTIVO,Tumb acero SBX Genérico,,,
FALTA FOTO,33,12560,,11109995,Tumb acero SBX Genérico,,SÍ,ACTIVO,Tumb acero SBX Genérico,,,
FALTA FOTO,33,12632,,11111736,Tumb acero SBX Genérico,,SÍ,ACTIVO,Tumb acero SBX Genérico,,,
FALTA FOTO,33,12633,,11111737,Tumb acero SBX Genérico,,SÍ,ACTIVO,Tumb acero SBX Genérico,,,
FALTA FOTO,33,12634,,11111738,Tumb acero SBX Genérico,,SÍ,ACTIVO,Tumb acero SBX Genérico,,,
FALTA FOTO,33,12635,,11111740,Tumb acero SBX Genérico,,SÍ,ACTIVO,Tumb acero SBX Genérico,,,
FALTA FOTO,33,12699,,11113323,Tumb acero SBX Genérico,,SÍ,ACTIVO,Tumb acero SBX Genérico,,,
FALTA FOTO,33,12709,,11112590,Tumb acero SBX Genérico,,SÍ,ACTIVO,Tumb acero SBX Genérico,,,
FALTA FOTO,33,12713,,11112586,Tumb acero SBX Genérico,,SÍ,ACTIVO,Tumb acero SBX Genérico,,,
FALTA FOTO,33,12789,,11115485,Tumb acero SBX Genérico,,SÍ,ACTIVO,Tumb acero SBX Genérico,,,
FALTA FOTO,33,12790,,11115487,Tumb acero SBX Genérico,,SÍ,ACTIVO,Tumb acero SBX Genérico,,,
FALTA FOTO,33,12792,,11115539,Tumb acero SBX Genérico,,SÍ,ACTIVO,Tumb acero SBX Genérico,,,
FALTA FOTO,33,12793,,11115540,Tumb acero SBX Genérico,,SÍ,ACTIVO,Tumb acero SBX Genérico,,,
FALTA FOTO,33,12808,,11115398,Tumb acero SBX Genérico,,SÍ,ACTIVO,Tumb acero SBX Genérico,,,
FALTA FOTO,33,12809,,11115529,Tumb acero SBX Genérico,,SÍ,ACTIVO,Tumb acero SBX Genérico,,,
FALTA FOTO,33,12901,,11117000,Tumb acero SBX Genérico,,SÍ,ACTIVO,Tumb acero SBX Genérico,,,
FALTA FOTO,33,12902,,11117001,Tumb acero SBX Genérico,,SÍ,ACTIVO,Tumb acero SBX Genérico,,,
FALTA FOTO,33,12903,,11117002,Tumb acero SBX Genérico,,SÍ,ACTIVO,Tumb acero SBX Genérico,,,
FALTA FOTO,33,12907,,11117006,Tumb acero SBX Genérico,,SÍ,ACTIVO,Tumb acero SBX Genérico,,,
FALTA FOTO,33,12908,,11117007,Tumb acero SBX Genérico,,SÍ,ACTIVO,Tumb acero SBX Genérico,,,
FALTA FOTO,33,12909,,11117008,Tumb acero SBX Genérico,,SÍ,ACTIVO,Tumb acero SBX Genérico,,,
FALTA FOTO,33,12921,,11117018,Tumb acero SBX Genérico,,SÍ,ACTIVO,Tumb acero SBX Genérico,,,
FALTA FOTO,33,12976,,11118181,Tumb acero SBX Genérico,,SÍ,ACTIVO,Tumb acero SBX Genérico,,,
FALTA FOTO,33,12984,,11113471,Tumb acero SBX Genérico,,SÍ,ACTIVO,Tumb acero SBX Genérico,,,
FALTA FOTO,33,12985,,11112584,Tumb acero SBX Genérico,,SÍ,ACTIVO,Tumb acero SBX Genérico,,,
FALTA FOTO,33,13376,,11118195,Tumb acero SBX Genérico,,SÍ,ACTIVO,Tumb acero SBX Genérico,,,
FALTA FOTO,33,13377,,11118196,Tumb acero SBX Genérico,,SÍ,ACTIVO,Tumb acero SBX Genérico,,,
FALTA FOTO,33,13378,,11118502,Tumb acero SBX Genérico,,SÍ,ACTIVO,Tumb acero SBX Genérico,,,
FALTA FOTO,33,13382,,11118213,Tumb acero SBX Genérico,,SÍ,ACTIVO,Tumb acero SBX Genérico,,,
FALTA FOTO,33,13384,,11118218,Tumb acero SBX Genérico,,SÍ,ACTIVO,Tumb acero SBX Genérico,,,
FALTA FOTO,33,13398,,11122585,Tumb acero SBX Genérico,,SÍ,ACTIVO,Tumb acero SBX Genérico,,,
FALTA FOTO,33,13450,,11121191,Tumb acero SBX Genérico,,SÍ,ACTIVO,Tumb acero SBX Genérico,,,
FALTA FOTO,33,13451,,11121192,Tumb acero SBX Genérico,,SÍ,ACTIVO,Tumb acero SBX Genérico,,,
FALTA FOTO,33,13452,,11121194,Tumb acero SBX Genérico,,SÍ,ACTIVO,Tumb acero SBX Genérico,,,
FALTA FOTO,33,13455,,11121203,Tumb acero SBX Genérico,,SÍ,ACTIVO,Tumb acero SBX Genérico,,,
FALTA FOTO,33,13456,,11121212,Tumb acero SBX Genérico,,SÍ,ACTIVO,Tumb acero SBX Genérico,,,
FALTA FOTO,33,13457,,11121215,Tumb acero SBX Genérico,,SÍ,ACTIVO,Tumb acero SBX Genérico,,,
FALTA FOTO,33,13723,,11124283,Tumb acero SBX Genérico,,SÍ,ACTIVO,Tumb acero SBX Genérico,,,
FALTA FOTO,33,13724,,11124287,Tumb acero SBX Genérico,,SÍ,ACTIVO,Tumb acero SBX Genérico,,,
FALTA FOTO,33,13736,,11124927,Tumb acero SBX Genérico,,SÍ,ACTIVO,Tumb acero SBX Genérico,,,
FALTA FOTO,33,13839,,11126374,Tumb acero SBX Genérico,,SÍ,ACTIVO,Tumb acero SBX Genérico,,,
FALTA FOTO,33,13840,,11125940,Tumb acero SBX Genérico,,SÍ,ACTIVO,Tumb acero SBX Genérico,,,
FALTA FOTO,33,13841,,11126376,Tumb acero SBX Genérico,,SÍ,ACTIVO,Tumb acero SBX Genérico,,,
FALTA FOTO,33,13847,,11125958,Tumb acero SBX Genérico,,SÍ,ACTIVO,Tumb acero SBX Genérico,,,
FALTA FOTO,33,14035,,11127811,Tumb acero SBX Genérico,,SÍ,ACTIVO,Tumb acero SBX Genérico,,,
FALTA FOTO,33,14036,,11127812,Tumb acero SBX Genérico,,SÍ,ACTIVO,Tumb acero SBX Genérico,,,
FALTA FOTO,33,14042,,11127827,Tumb acero SBX Genérico,,SÍ,ACTIVO,Tumb acero SBX Genérico,,,
FALTA FOTO,33,14043,,11128424,Tumb acero SBX Genérico,,SÍ,ACTIVO,Tumb acero SBX Genérico,,,
FALTA FOTO,33,14154,,11129133,Tumb acero SBX Genérico,,SÍ,ACTIVO,Tumb acero SBX Genérico,,,
FALTA FOTO,33,14157,,11129143,Tumb acero SBX Genérico,,SÍ,ACTIVO,Tumb acero SBX Genérico,,,
FALTA FOTO,33,14158,,11129145,Tumb acero SBX Genérico,,SÍ,ACTIVO,Tumb acero SBX Genérico,,,
FALTA FOTO,33,14335,,11130707,Tumb acero SBX Genérico,,SÍ,ACTIVO,Tumb acero SBX Genérico,,,
FALTA FOTO,33,14336,,11130702,Tumb acero SBX Genérico,,SÍ,ACTIVO,Tumb acero SBX Genérico,,,
FALTA FOTO,33,14338,,11130708,Tumb acero SBX Genérico,,SÍ,ACTIVO,Tumb acero SBX Genérico,,,
FALTA FOTO,33,14359,,11133661,Tumb acero SBX Genérico,,SÍ,ACTIVO,Tumb acero SBX Genérico,,,
FALTA FOTO,33,14426,,11136364,Tumb acero SBX Genérico,,SÍ,ACTIVO,Tumb acero SBX Genérico,,,
FALTA FOTO,33,14437,,11133665,Tumb acero SBX Genérico,,SÍ,ACTIVO,Tumb acero SBX Genérico,,,
FALTA FOTO,33,14440,,11133679,Tumb acero SBX Genérico,,SÍ,ACTIVO,Tumb acero SBX Genérico,,,
FALTA FOTO,33,14448,,11133716,Tumb acero SBX Genérico,,SÍ,ACTIVO,Tumb acero SBX Genérico,,,
FALTA FOTO,33,14451,,11133722,Tumb acero SBX Genérico,,SÍ,ACTIVO,Tumb acero SBX Genérico,,,
FALTA FOTO,33,14597,,11135983,Tumb acero SBX Genérico,,SÍ,ACTIVO,Tumb acero SBX Genérico,,,
FALTA FOTO,33,14607,,11135982,Tumb acero SBX Genérico,,SÍ,ACTIVO,Tumb acero SBX Genérico,,,
FALTA FOTO,33,14609,,11135999,Tumb acero SBX Genérico,,SÍ,ACTIVO,Tumb acero SBX Genérico,,,
FALTA FOTO,33,14699,,11138063,Tumb acero SBX Genérico,,SÍ,ACTIVO,Tumb acero SBX Genérico,,,
FALTA FOTO,33,14700,,11138064,Tumb acero SBX Genérico,,SÍ,ACTIVO,Tumb acero SBX Genérico,,,
FALTA FOTO,33,14701,,11138069,Tumb acero SBX Genérico,,SÍ,ACTIVO,Tumb acero SBX Genérico,,,
FALTA FOTO,33,14711,,11138095,Tumb acero SBX Genérico,,SÍ,ACTIVO,Tumb acero SBX Genérico,,,
FALTA FOTO,33,14712,,11138097,Tumb acero SBX Genérico,,SÍ,ACTIVO,Tumb acero SBX Genérico,,,
FALTA FOTO,33,14753,,11140071,Tumb acero SBX Genérico,,SÍ,ACTIVO,Tumb acero SBX Genérico,,,
FALTA FOTO,33,14763,,11140092,Tumb acero SBX Genérico,,SÍ,ACTIVO,Tumb acero SBX Genérico,,,
FALTA FOTO,33,14764,,11140072,Tumb acero SBX Genérico,,SÍ,ACTIVO,Tumb acero SBX Genérico,,,
FALTA FOTO,33,14769,,11140109,Tumb acero SBX Genérico,,SÍ,ACTIVO,Tumb acero SBX Genérico,,,
FALTA FOTO,33,14823,,11141106,Tumb acero SBX Genérico,,SÍ,ACTIVO,Tumb acero SBX Genérico,,,
FALTA FOTO,33,14824,,11141107,Tumb acero SBX Genérico,,SÍ,ACTIVO,Tumb acero SBX Genérico,,,
FALTA FOTO,33,14826,,11141108,Tumb acero SBX Genérico,,SÍ,ACTIVO,Tumb acero SBX Genérico,,,
FALTA FOTO,33,14827,,11141122,Tumb acero SBX Genérico,,SÍ,ACTIVO,Tumb acero SBX Genérico,,,
FALTA FOTO,33,15057,,11144101,Tumb acero SBX Genérico,,SÍ,ACTIVO,Tumb acero SBX Genérico,,,
FALTA FOTO,33,15058,,11144102,Tumb acero SBX Genérico,,SÍ,ACTIVO,Tumb acero SBX Genérico,,,
FALTA FOTO,33,15066,,11144112,Tumb acero SBX Genérico,,SÍ,ACTIVO,Tumb acero SBX Genérico,,,
FALTA FOTO,33,15077,,11144113,Tumb acero SBX Genérico,,SÍ,ACTIVO,Tumb acero SBX Genérico,,,
FALTA FOTO,33,15169,,11146178,Tumb acero SBX Genérico,,SÍ,ACTIVO,Tumb acero SBX Genérico,,,
FALTA FOTO,33,15170,,11146187,Tumb acero SBX Genérico,,SÍ,ACTIVO,Tumb acero SBX Genérico,,,
FALTA FOTO,33,15175,,11146185,Tumb acero SBX Genérico,,SÍ,ACTIVO,Tumb acero SBX Genérico,,,
FALTA FOTO,33,15187,,11141118,Tumb acero SBX Genérico,,SÍ,ACTIVO,"COR25SS16Sus, Tumb acero SBX Genérico",,,
FALTA FOTO,33,15303,,11147734,Tumb acero SBX Genérico,,SÍ,ACTIVO,Tumb acero SBX Genérico,,,
FALTA FOTO,33,15305,,11147739,Tumb acero SBX Genérico,,SÍ,ACTIVO,Tumb acero SBX Genérico,,,
FALTA FOTO,33,15314,,11147744,Tumb acero SBX Genérico,,SÍ,ACTIVO,Tumb acero SBX Genérico,,,
FALTA FOTO,33,15461,,11149602,Tumb acero SBX Genérico,,SÍ,ACTIVO,Tumb acero SBX Genérico,,,
FALTA FOTO,33,15472,,11149606,Tumb acero SBX Genérico,,SÍ,ACTIVO,Tumb acero SBX Genérico,,,
FALTA FOTO,33,15481,,11149607,Tumb acero SBX Genérico,,SÍ,ACTIVO,Tumb acero SBX Genérico,,,
FALTA FOTO,33,15707,,11154009,Tumb acero SBX Genérico,,SÍ,ACTIVO,Tumb acero SBX Genérico,,,
FALTA FOTO,33,15708,,11154010,Tumb acero SBX Genérico,,SÍ,ACTIVO,Tumb acero SBX Genérico,,,
FALTA FOTO,33,53837,,,Tumb acero SBX Genérico,,NO,ACTIVO,Tumb acero SBX Genérico,,,
FALTA FOTO,32,16543,150040,11174795,Wt26CC24Spinner,74795 C2P W26 PLS CDCP HRTSPNNR LD 24OZ,NO,ACTIVO,Wt26CC24Spinner,,,
FALTA FOTO,31,16275,149906,11169454,Fl25SSTu20Vac,69454 C2P F25 SS VAC TMBLR PLANETS 20 OZ,NO,ACTIVO,Fl25SSTu20Vac,,,
FALTA FOTO,30,16151,149840,11164272,SI25CC24Fun,64272 C2P S25 CLD CUP TMBLR CORGI 24OZ,NO,ACTIVO,SI25CC24Fun,,,
FALTA FOTO,30,16440,149980,11172998,Xm25SSCC24Topp,72998 C2P XM25 SS HOTCLD CUP FOREST 24OZ,NO,ACTIVO,Xm25SSCC24Topp,,,
FALTA FOTO,30,16781,154124,NA,Sp26Tu20Blossom,79957 C1P SP26 TBLR BLOSSOM B 20OZ,NO,ACTIVO,Sp26Tu20Blossom,,,
FALTA FOTO,28,16278,149909,11169466,Fl25StanPearl,69466 C1P F25 TMBLR STANL BLUE SPAC 16OZ,NO,ACTIVO,Fl25StanPearl,,,
FALTA FOTO,26,16600,152540,11170190,ToteBag Cabos,70190 P2P TOTE BAG LOS CABOS,NO,ACTIVO,ToteBag Cabos,,,
FALTA FOTO,25,16321,149948,11169461,Fl25SSTu12Sust,69461 C2P F25 RECYCLD TMBLR PURPLE 12OZ,NO,ACTIVO,Fl25SSTu12Sust,,,
FALTA FOTO,24,16671,152601,11176717,Sp26SS12Pink,76717 C2P SP26 SS VAC TBLR 12OZ,NO,ACTIVO,Sp26SS12Pink,,,
FALTA FOTO,24,16691,152621,11170159,Disc2ozOAX,70159 C4P DIS STN MUG OAXACA 2OZ,NO,ACTIVO,Disc2ozOAX,,,
FALTA FOTO,23,16971,155969,,WC26BearMex,86642 C2P F26 PLSTC HTCDCP 24OZ,NO,ACTIVO,WC26BearMex,,,
FALTA FOTO,22,14924,150100,11141113,COR23 SS16StSwi,41113 C1P CORE SS VAC MUG STANLEY 16OZ,NO,ACTIVO,COR23 SS16StSwi,,,
FALTA FOTO,22,16266,149898,11169450,Fl25CC24StrawT,69450 C2P F25 COLD CUPGID WITCH 24OZ,NO,ACTIVO,Fl25CC24StrawT,,,
FALTA FOTO,20,16176,149863,11164312,SI25SSCC24Father,64312 C2P S25 CLD CUP FATHER DAY 24OZ,NO,ACTIVO,SI25SSCC24Father,,,
FALTA FOTO,19,16052,149759,11162618,SI25ReusTierra,62618 P20P SP25 REUS HOT EARTH DAY 16OZ,NO,ACTIVO,SI25ReusTierra,,,
FALTA FOTO,19,16122,150161,11164270,SI25Tu20Zoo,64270 C2P S25 TMBLR CLAPPER ANIMAL 20OZ,NO,ACTIVO,SI25Tu20Zoo,,,
FALTA FOTO,19,16182,149869,11167152,SII25Tu16FarmR,67152 C2P S25 TMBLR BANANA FOLIAGE 16OZ,NO,ACTIVO,SII25Tu16FarmR,,,
FALTA FOTO,18,16282,149913,11161002,COR25Stan30Black,61002 C1P F25 CORE SS TMBLR BLACK 30OZ,NO,ACTIVO,COR25Stan30Black,,,
FALTA FOTO,17,16155,149843,11164275,SI25CC24Bling,64275 C2P S25 CLD CUP BLING SOFT 24OZ,NO,ACTIVO,SI25CC24Bling,,,
FALTA FOTO,17,16675,152605,11176722,Sp26SSCC24Cherry,76722 C2P SP26 SS HTCLD CUP 24OZ,NO,ACTIVO,Sp26SSCC24Cherry,,,
FALTA FOTO,16,14923,150099,11141127,COR23 SS20StQuen,41127 C1P CORE SS VAC TMBLR QUENCH 20OZ,NO,ACTIVO,COR23 SS20StQuen,,,
FALTA FOTO,16,16268,149900,11169473,Fl25CCSS24Pearl,69473 C2P F25 VAC COLD CUP SPACE 24OZ,NO,ACTIVO,Fl25CCSS24Pearl,,,
FALTA FOTO,16,16673,152603,11176703,Sp26Tu16Cherry,76703 C2P SP26 PLSTC TBLR 16OZ,NO,ACTIVO,Sp26Tu16Cherry,,,
FALTA FOTO,15,15192,149539,11144117,COR23 Mug20 Stan,44117 C1P CORE SS VAC MUG ADMIRAL 20OZ,NO,ACTIVO,COR23 Mug20 Stan,,,
FALTA FOTO,15,16551,150048,11174775,Wt26Dw12Jac,74775 C2P W26 STN DW TBLR 12OZ,NO,ACTIVO,Wt26Dw12Jac,,,
FALTA FOTO,15,16591,152531,NA,Xm25Reu24CCST,VASO/TAPA 24OZ REUSABLE PROM21M4 CJ48PZA,NO,ACTIVO,Xm25Reu24CCST,,,
FALTA FOTO,14,16298,149929,11169429,Fl25GlassCCSust,69429 C1P F25 RECYCLD GLASS CLD CUP 16OZ,NO,ACTIVO,Fl25GlassCCSust,,,
FALTA FOTO,14,16313,149940,11160996,COR25StanIceflow,60996 C1P CORE VAC TMBLR BLACK 20OZ,NO,ACTIVO,COR25StanIceflow,,,
FALTA FOTO,14,16614,152551,NA,Xm25StopMax,KIT NETFLIX 3 STOPPERS CJ36PZAS,NO,ACTIVO,"Xm25StopHopp, Xm25StopMax, Xm25StopWill",,,
FALTA FOTO,14,16677,152607,11176723,Sp26SSVac40Cherr,76723 C1P SP26 SS VAC CLDTG 40OZ,NO,ACTIVO,Sp26SSVac40Cherr,,,
FALTA FOTO,14,53966,,,Xm25StopMax,,NO,ACTIVO,Xm25StopMax,,,
FALTA FOTO,13,12096,149365,,Been There Mazatlan 14 oz,90723 C4P TAZA 14OZ BEENTHERE MAZATLAN,NO,ACTIVO,Been There Mazatlan 14 oz,,,
FALTA FOTO,13,16662,152592,11176721,Sp26Stan30Purp,76721 C1P SP26 SS VAC TBLR STNLY 30OZ,NO,ACTIVO,Sp26Stan30Purp,,,
FALTA FOTO,12,16457,149992,11173031,Xm25Llavero,73031 P12C XM25 PLUG KEYCHAIN BOX,NO,ACTIVO,Xm25Llavero,,,
FALTA FOTO,12,16674,152604,11176704,Sp26CC16Prism,76704 C2P SP26 PLSTC CLDCP PRSM 16OZ,NO,ACTIVO,Sp26CC16Prism,,,
FALTA FOTO,11,16053,149760,11162640,SI25CCReusTierra,62640 P10P SP25 REUS CLD EARTH DAY 24OZ,NO,ACTIVO,SI25CCReusTierra,,,
FALTA FOTO,11,16165,149853,11164281,SII25CC24B2S,64281 C2P S25 CLD CUP TEACHERS DAY 24OZ,NO,ACTIVO,SII25CC24B2S,,,
FALTA FOTO,11,16287,149918,11169430,Fl25Tu16Charm,69430 C1P F25 TMBLR AUSTRON BEARIST 16OZ,NO,ACTIVO,Fl25Tu16Charm,,,
FALTA FOTO,11,16322,149949,11169462,Fl25SS16Studded,69462 C2P F25 TMBLR DR TH BLUE STUD 16OZ,NO,ACTIVO,Fl25SS16Studded,,,
FALTA FOTO,10,15308,149549,11147749,Stanley SBX Genérico,47749 C1P W24 SS VAC TMBLR QUENCHE 30OZ,SÍ,ACTIVO,Stanley SBX Genérico,,,
FALTA FOTO,10,15462,149572,11149610,Stanley SBX Genérico,49610 C1P SP24 SS VAC TMBLR QUICK 24OZ,SÍ,ACTIVO,Stanley SBX Genérico,,,
FALTA FOTO,10,15496,149582,11150770,Stanley SBX Genérico,50770 C1P S24 SS VAC TMBLR ICEFLOW 30OZ,SÍ,ACTIVO,Stanley SBX Genérico,,,
FALTA FOTO,10,15520,149601,11150764,Stanley SBX Genérico,50764 C1P S24 SS VAC TMBLR QUENCHER 20OZ,SÍ,ACTIVO,Stanley SBX Genérico,,,
FALTA FOTO,10,15521,149602,11150766,Stanley SBX Genérico,50766 C1P S24 SS VAC TMBLR QUENCHER 30OZ,SÍ,ACTIVO,Stanley SBX Genérico,,,
FALTA FOTO,10,15710,149654,11154021,Stanley SBX Genérico,54021 C1P F24 SS VAC TMBLR QUENCHER 16OZ,SÍ,ACTIVO,Stanley SBX Genérico,,,
FALTA FOTO,10,15854,149713,11157545,Stanley SBX Genérico,57545 C1P XM24 SS VAC TMBLR QUENCHE 30OZ,SÍ,ACTIVO,Stanley SBX Genérico,,,
FALTA FOTO,10,15856,150136,11157546,Stanley SBX Genérico,57546 C1P XM24 SS VAC TMBLR FROSTMI 30OZ,SÍ,ACTIVO,Stanley SBX Genérico,,,
FALTA FOTO,10,16056,149763,11162629,Stanley SBX Genérico,62629 C1P SP25 SS VAC TMBLR APRICOT 30OZ,SÍ,ACTIVO,Stanley SBX Genérico,,,
FALTA FOTO,10,16105,149808,11160766,Stanley SBX Genérico,60766 P5P PNTS25 FRIENDSHIP CROSS BODY,SÍ,ACTIVO,Stanley SBX Genérico,,,
FALTA FOTO,10,14917,150094,11141045,COR23 DW12 Green,41045 C2P CORE CERMC DW TMBLR GREEN 12OZ,NO,ACTIVO,COR23 DW12 Green,,,
FALTA FOTO,10,15962,150151,11160992,Stanley SBX Genérico,60992 C1P W25 SS VAC TMBLR VALENTIN 20OZ,NO,ACTIVO,Stanley SBX Genérico,,,
FALTA FOTO,10,15963,149743,11160997,Stanley SBX Genérico,60997 C1P W25 SS VAC TMBLR PRL BLUE 30OZ,NO,ACTIVO,Stanley SBX Genérico,,,
FALTA FOTO,10,15964,150152,11160998,Stanley SBX Genérico,60998 C1P W25 SS VAC TMBLR TAUPE 30OZ,NO,ACTIVO,Stanley SBX Genérico,,,
FALTA FOTO,10,16057,149764,11162630,Stanley SBX Genérico,62630 C1P SP25 SS VAC TMBLR GREEN 30OZ,NO,ACTIVO,Stanley SBX Genérico,,,
FALTA FOTO,10,16064,149771,11162631,Stanley SBX Genérico,62631 C1P SP25 SS VAC TMBLR PNK BLU 30OZ,NO,ACTIVO,Stanley SBX Genérico,,,
FALTA FOTO,10,16149,149838,11164265,SI25Tu16Bubble,64265 C2P S25 TMBLR BUBBLE STRIPES 16OZ,NO,ACTIVO,SI25Tu16Bubble,,,
FALTA FOTO,10,16326,149953,NA,Fl25MonTSC,MONEDERO OSO CJ10PZAS,NO,ACTIVO,Fl25MonTSC,,,
FALTA FOTO,10,16590,152530,NA,Xm25Reus16ST,VASO/TAPA 16OZ REUSABLE PROM9IM3 CJ52PZA,NO,ACTIVO,Xm25Reus16ST,,,
FALTA FOTO,10,16667,152597,11176715,Sp26SS16Rabbit,76715 C2P SP26 SS VAC TBLR CHRM 16OZ,NO,ACTIVO,Sp26SS16Rabbit,,,
FALTA FOTO,10,16784,154125,11176597,SII26BearPony,76597 C4P BEARISTA BEAR PONY,NO,ACTIVO,SII26BearPony,,,
FALTA FOTO,10,14150,,11129117,Stanley SBX Genérico,,SÍ,ACTIVO,Stanley SBX Genérico,,,
FALTA FOTO,10,14161,,11129155,Stanley SBX Genérico,,SÍ,ACTIVO,Stanley SBX Genérico,,,
FALTA FOTO,10,14167,,11130185,Stanley SBX Genérico,,SÍ,ACTIVO,Stanley SBX Genérico,,,
FALTA FOTO,10,14168,,11130186,Stanley SBX Genérico,,SÍ,ACTIVO,Stanley SBX Genérico,,,
FALTA FOTO,10,14169,,11130187,Stanley SBX Genérico,,SÍ,ACTIVO,Stanley SBX Genérico,,,
FALTA FOTO,10,14170,,11130188,Stanley SBX Genérico,,SÍ,ACTIVO,Stanley SBX Genérico,,,
FALTA FOTO,10,14171,,11130189,Stanley SBX Genérico,,SÍ,ACTIVO,Stanley SBX Genérico,,,
FALTA FOTO,10,14172,,11130190,Stanley SBX Genérico,,SÍ,ACTIVO,Stanley SBX Genérico,,,
FALTA FOTO,10,14175,,11130194,Stanley SBX Genérico,,SÍ,ACTIVO,Stanley SBX Genérico,,,
FALTA FOTO,10,14178,,11130197,Stanley SBX Genérico,,SÍ,ACTIVO,Stanley SBX Genérico,,,
FALTA FOTO,10,14179,,11130199,Stanley SBX Genérico,,SÍ,ACTIVO,Stanley SBX Genérico,,,
FALTA FOTO,10,14347,,11130723,Stanley SBX Genérico,,SÍ,ACTIVO,Stanley SBX Genérico,,,
FALTA FOTO,10,14608,,11136492,Stanley SBX Genérico,,SÍ,ACTIVO,Stanley SBX Genérico,,,
FALTA FOTO,10,14749,,11140060,Stanley SBX Genérico,,SÍ,ACTIVO,Stanley SBX Genérico,,,
FALTA FOTO,10,14750,,11140061,Stanley SBX Genérico,,SÍ,ACTIVO,Stanley SBX Genérico,,,
FALTA FOTO,10,14768,,11140107,Stanley SBX Genérico,,SÍ,ACTIVO,Stanley SBX Genérico,,,
FALTA FOTO,10,15059,,11144108,Stanley SBX Genérico,,SÍ,ACTIVO,Stanley SBX Genérico,,,
FALTA FOTO,10,15176,,11146192,Stanley SBX Genérico,,SÍ,ACTIVO,Stanley SBX Genérico,,,
FALTA FOTO,10,15177,,11146181,Stanley SBX Genérico,,SÍ,ACTIVO,Stanley SBX Genérico,,,
FALTA FOTO,10,15315,,11147746,Stanley SBX Genérico,,SÍ,ACTIVO,Stanley SBX Genérico,,,
FALTA FOTO,10,15463,,11149611,Stanley SBX Genérico,,SÍ,ACTIVO,Stanley SBX Genérico,,,
FALTA FOTO,10,15473,,11149613,Stanley SBX Genérico,,SÍ,ACTIVO,Stanley SBX Genérico,,,
FALTA FOTO,10,15485,,11149617,Stanley SBX Genérico,,SÍ,ACTIVO,Stanley SBX Genérico,,,
FALTA FOTO,10,15709,,11154012,Stanley SBX Genérico,,SÍ,ACTIVO,Stanley SBX Genérico,,,
FALTA FOTO,10,53839,,,Stanley SBX Genérico,,NO,ACTIVO,Stanley SBX Genérico,,,
FALTA FOTO,9,16131,149829,11164305,SII25SSCC24Green,64305 C2P S25 CLD CUP STUDDED GREEN 24OZ,NO,ACTIVO,SII25SSCC24Green,,,
FALTA FOTO,9,16267,149899,11162638,COR25SSCC24Black,62638 C2P CORE SS VAC CLD CUP BLACK 24OZ,NO,ACTIVO,COR25SSCC24Black,,,
FALTA FOTO,9,16281,149912,11160988,COR25SS20STouch,60988 C2P CORE SS VAC TMBLR BLACK 20OZ,NO,ACTIVO,COR25SS20STouch,,,
FALTA FOTO,9,16557,150054,11174806,Wt26SSCC16Jac,74806 C2P W26 SS CDCP STRW CHRM 16OZ,NO,ACTIVO,Wt26SSCC16Jac,,,
FALTA FOTO,9,16613,152550,NA,Xm25StopMike,KIT NETFLIX 4 STOPPERS CJ36PZAS,NO,ACTIVO,"Xm25StopDermo, Xm25StopDust, Xm25StopElev, Xm25StopMike",,,
FALTA FOTO,9,53952,,,Xm25StopMike,,NO,ACTIVO,Xm25StopMike,,,
FALTA FOTO,8,14920,150097,11141112,COR23 SS16ToneB,41112 C1P CORE SS TMBLR TWO TONE 16OZ,NO,ACTIVO,COR23 SS16ToneB,,,
FALTA FOTO,8,16124,149822,11164280,SI25Reus24Teach,64280 P20P S25 CLD CUP TEACHER DAY 16OZ,NO,ACTIVO,SI25Reus24Teach,,,
FALTA FOTO,8,16286,149917,11169436,Fl25Tu16Sust,69436 C4P F25 RECYCLD TMBLR PURP 16OZ,NO,ACTIVO,Fl25Tu16Sust,,,
FALTA FOTO,8,16441,149981,11173000,Xm25CC24House,73000 C2P XM25 SS HOTCLD CUP VILLAG 24OZ,NO,ACTIVO,Xm25CC24House,,,
FALTA FOTO,7,15190,149538,11141096,COR25Gl16Sust,41096 C1P CORE RECYCLD GLAS CLD CUP 16OZ,SÍ,ACTIVO,COR25Gl16Sust,,,
FALTA FOTO,7,1053,150243,,Repuesto para cafetera 8 tazas,REPUESTO P/CAFETERA 8 TAZAS PZA,NO,ACTIVO,Repuesto para cafetera 8 tazas,,,
FALTA FOTO,7,12981,149408,11115533,COR25 CC24Siren,15533 C2P CORE CLD CUP CLEAR SIREN 24OZ,NO,ACTIVO,COR25 CC24Siren,,,
FALTA FOTO,7,16157,149845,11164259,SII25DW12Studded,64259 C2P S25 CERMC TMBLR GREEN STU 12OZ,NO,ACTIVO,SII25DW12Studded,,,
FALTA FOTO,7,16174,149862,11164309,SII25Quencher30,64309 C1P S25 VAC TMBLR MINT GREEN 30OZ,NO,ACTIVO,SII25Quencher30,,,
FALTA FOTO,7,16246,149890,NA,Fl25SS20Siren,72470 C1P F25 SS WTR BTL SIREN 23OZ,NO,ACTIVO,Fl25SS20Siren,,,
FALTA FOTO,7,16276,149907,11169464,Fl25SSTu16Wave,69464 C2P F25 SS TMBLR WAVE SPACE 16OZ,NO,ACTIVO,Fl25SStu16Wave,,,
FALTA FOTO,7,16293,149924,11169435,Fl25ReusPikeP,69435 P20P F25 REUS HOT CLD PLANT 16OZ,NO,ACTIVO,Fl25ReusPikeP,,,
FALTA FOTO,7,16540,150037,11174779,Wt26CCGl16Red,74779 C1P W26 RCYCLD GLS CDCP HRT 16OZ,NO,ACTIVO,Wt26CCGl16Red,,,
FALTA FOTO,6,14882,149510,11141066,COR23 ReuHotCup,41066 P20P CORE REUS SCALES HOT CUP 16OZ,NO,ACTIVO,COR23 ReuHotCup,,,
FALTA FOTO,6,14918,150095,11141076,COR23 Tu20STBlck,41076 C2P CORE PLSTC TMBLR 20OZ,NO,ACTIVO,COR23 Tu20STBlck,,,
FALTA FOTO,6,16318,149945,11169427,Fl25Mug16Sust,69427 C2P F25 RECYC CERMC PURPLE 16OZ,NO,ACTIVO,Fl25Mug16Sust,,,
FALTA FOTO,6,16666,152596,11176702,Sp26Tu20Blue,76702 C2P SP26 PLSTC HTCLD TBLRHND 20OZ,NO,ACTIVO,Sp26Tu20Blue,,,
FALTA FOTO,5,16163,149851,11164268,SII25Tu20Soft,64268 C2P S25 TMBLR GREEN DICHROIC 20OZ,NO,ACTIVO,SII25Tu20Soft,,,
FALTA FOTO,5,16171,149859,11164303,Fl25SS24Vac,64303 C2P S25 SS VAC CLD CUP PINK 24OZ,NO,ACTIVO,Fl25SS24Vac,,,
FALTA FOTO,5,16270,149902,11169475,Fl25SSCC24Anniv,69475 C2P F25 SS VAC CLD CUP PEARL 24OZ,NO,ACTIVO,Fl25SSCC24Anniv,,,
FALTA FOTO,5,16272,149903,11169453,Fl25SSMug12Rib,69453 C2P F25 MUG RIBBED PEARL PURP 12OZ,NO,ACTIVO,Fl25SSMug12Rib,,,
FALTA FOTO,5,16290,149921,11169434,Fl25Tu16DDM,69434 C1P F25 TMBLR DIA MUERTOS 16OZ,NO,ACTIVO,Fl25Tu16DDM,,,
FALTA FOTO,5,16294,149925,11170275,Fl25ReusCCPikeP,70275 P20P F25 COLD CUP TH LID 16OZ,NO,ACTIVO,Fl25ReusCCPikeP,,,
FALTA FOTO,5,16442,149982,11172996,Xm25SSCC24R,72996 C2P XM25 SS CLD CUP RED/GREEN 24OZ,NO,ACTIVO,Xm25SSCC24R,,,
FALTA FOTO,5,16456,149991,11172974,Xm25CC24Snow,72974 C2P XM25 CLD CUP GID WINTER 24OZ,NO,ACTIVO,Xm25CC24Snow,,,
FALTA FOTO,5,16459,149994,11172985,Xm25SS16Green,72985 C2P XM25 SS TMBLR GREEN SPIRA 16OZ,NO,ACTIVO,Xm25SS16Green,,,
FALTA FOTO,4,11812,149338,,Been There Merida 14 oz,87586 C4P TAZA 14OZ BEENTHERE MERIDA,NO,ACTIVO,Been There Merida 14 oz,,,
FALTA FOTO,4,11830,149343,,Been There Puerto Vallarta 14 oz,87592 C4P TAZA 14OZ BEENTHERE VALLARTA,NO,ACTIVO,Been There Puerto Vallarta 14 oz,,,
FALTA FOTO,4,16162,149850,11164264,SI25Mug12Teach,64264 C2P S25 CERM MUG TEACHERS DAY 12OZ,NO,ACTIVO,SI25Mug12Teach,,,
FALTA FOTO,4,16274,149905,11169471,Fl25SS16Charm,69471 C2P F25 TMBLR POTIONS HAT CHA 16OZ,NO,ACTIVO,Fl25SS16Charm,,,
FALTA FOTO,4,16295,149926,11170274,Fl25ReusEspresso,70274 P20P F25 HOT CUP LID PURPLE 16OZ,NO,ACTIVO,Fl25ReusEspresso,,,
FALTA FOTO,4,16310,149937,11160955,COR26Mug2Copper,60955 C4P F25 CORE CERMC BLACK GLAZE 2OZ,NO,ACTIVO,COR26Mug2Copper,,,
FALTA FOTO,4,16444,149984,11172855,Xm25DW12Red,72855 C2P XM25 DW TMBLR RED PLEATED 12OZ,NO,ACTIVO,Xm25DW12Red,,,
FALTA FOTO,4,16461,149996,11172993,Xm25TuStan20,72993 C1P XM25 SS VAC TMBLR BROWN 20OZ,NO,ACTIVO,Xm25TuStan20,,,
FALTA FOTO,4,16473,150008,11172967,Xm25Tu16Bow,72967 C2P XM25 TMBLR GLITTER PNK BO 16OZ,NO,ACTIVO,Xm25Tu16Bow,,,
FALTA FOTO,4,16559,150056,11177276,Wt26SS20Jac,77276 C2P W26 SS VC TBLR 20OZ,NO,ACTIVO,Wt26SS20Jac,,,
FALTA FOTO,3,11832,149345,,Been There Guanajuato 14 oz,87594 C4P TAZA 14OZ BEENTHERE GUANAJUATO,NO,ACTIVO,Been There Guanajuato 14 oz,,,
FALTA FOTO,3,16292,149923,11169432,Fl25Tu16Anniv,69432 C1P F25 TMBLR SIREN ANNIVERS 16OZ,NO,ACTIVO,Fl25Tu16Anniv,,,
FALTA FOTO,3,16306,149934,NA,Fl25GlassCC,72460 C1P F25 GLASS COLD CUP 16OZ,NO,ACTIVO,Fl25GlassCC,,,
FALTA FOTO,3,16315,149942,11169423,Fl25DW12Luster,69423 C2P F25 DW TMBLR LUSTER ANI 12OZ,NO,ACTIVO,Fl25DW12Luster,,,
FALTA FOTO,3,16320,149947,11169458,Fl25SS20DDM,69458 C2P F25 TMBLR PEARLIZED SKULL 20OZ,NO,ACTIVO,Fl25SS20DDM,,,
FALTA FOTO,3,16443,149983,11172994,Xm25BTLStanley,72994 C1P XM25 SS SLIM WTRBTL GOLD 20OZ,NO,ACTIVO,Xm25BTLStanley,,,
FALTA FOTO,3,16466,150001,11172999,Xm25Quen30Lil,72999 C1P XM25 SS VAC TMBLR LVENDER 30OZ,NO,ACTIVO,Xm25Quen30Lil,,,
FALTA FOTO,3,16552,150049,11174798,Wt26SS16Green,74798 C2P W26 SS VC TBLR SWRL 16OZ,NO,ACTIVO,Wt26SS16Green,,,
FALTA FOTO,3,16554,150051,11174807,Wt26SS16Choco,74807 C2P W26 SS VC TBLR CHCLT 16OZ,NO,ACTIVO,Wt26SS16Choco,,,
FALTA FOTO,3,53953,,,Xm25StopDust,,NO,ACTIVO,Xm25StopDust,,,
FALTA FOTO,2,11831,149344,,Been There Cancun 14 oz,87593 C4P TAZA 14OZ BEENTHERE CANCUN,NO,ACTIVO,Been There Cancun 14 oz,,,
FALTA FOTO,2,11866,149350,,Been There Tulum 14 oz,88782 C4P TAZA 14OZ BEENTHERE TULUM,NO,ACTIVO,Been There Tulum 14 oz,,,
FALTA FOTO,2,16269,149901,11169467,Fl25CCSS16Vac,69467 C2P F25 VAC CLD MATTE BLUE 16OZ,NO,ACTIVO,Fl25CCSS16Vac,,,
FALTA FOTO,2,16273,149904,11169470,Fl25Stanley16,69470 C1P F25 TMBLR STANLEY LIME GR 16OZ,NO,ACTIVO,Fl25Stanley16,,,
FALTA FOTO,2,16279,149910,11169456,Fl25SSTu20Anni,69456 C2P F25 SS TMBLR ANNIVERSARY 20OZ,NO,ACTIVO,Fl25SSTu20Anni,,,
FALTA FOTO,2,16323,149950,11169468,Fl25SSCC16Purple,69468 C2P F25 SS TMBLR MATTE PURPLE 16OZ,NO,ACTIVO,Fl25SSCC16Purple,,,
FALTA FOTO,2,16458,149993,11172984,Xm25SS16DIam,72984 C2P XM25 SS VAC TMBLR RED 16OZ,NO,ACTIVO,Xm25SS16Diam,,,
FALTA FOTO,2,16475,150010,11172859,Xm25Mug12House,72859 C2P XM25 MUG GINGERBREAD HOUS 14OZ,NO,ACTIVO,Xm25Mug12House,,,
FALTA FOTO,2,16676,152606,11176718,Sp26SS16Cherry,76718 C2P SP26 SS VAC TBLR CHRMPRL 16OZ,NO,ACTIVO,Sp26SS16Cherry,,,
FALTA FOTO,2,53951,,,Xm25StopDermo,,NO,ACTIVO,Xm25StopDermo,,,
FALTA FOTO,2,53965,,,Xm25StopWill,,NO,ACTIVO,Xm25StopWill,,,
FALTA FOTO,2,54112,,,Sp26BlindBox,,NO,ACTIVO,Sp26BlindBox,,,
FALTA FOTO,1,15886,150139,,BTTu16Mex,53501 C1P TMBL 16OZ BEENTHERE BTS MEXICO,NO,ACTIVO,BTTu16Mex,,,
FALTA FOTO,1,16126,149824,11164288,SII25Tu16Blue,64288 C2P S25 TMBLR DR TH LID MINT 16OZ,NO,ACTIVO,SII25Tu16Blue,,,
FALTA FOTO,1,16168,149856,11164298,Fl25SS20Grad,64298 C2P S25 SS TMBLR COLORS 20OZ,NO,ACTIVO,Fl25SS20Grad,,,
FALTA FOTO,1,16172,149860,11164306,SI25Vac24Stanley,64306 C1P S25 VAC TMBLR PEACH QUICK 24OZ,NO,ACTIVO,SI25Vac24Stanley,,,
FALTA FOTO,1,16175,150163,11164311,SI25Quencher30,64311 C1P S25 VAC TMBLR YELLOW 30OZ,NO,ACTIVO,SI25Quencher30,,,
FALTA FOTO,1,16179,149866,11167149,SII25SSCC24FRB,67149 C2P S25 COLD CUP BOROGODO 24OZ,NO,ACTIVO,SII25SSCC24FRB,,,
FALTA FOTO,1,16180,149867,11167150,SII25CC24FRBlue,67150 C2P S25 COLD CUP BANANA MIX 24OZ,NO,ACTIVO,SII25CC24FRBlue,,,
FALTA FOTO,1,16277,149908,11169455,Fl25SSBTL20,69455 C2P F25 SS WTR BTL PURPL/PINK 20OZ,NO,ACTIVO,Fl25SSBTL20,,,
FALTA FOTO,1,16288,149919,11170273,Fl25ReusCCEsp,70273 P20P F25 COLD CUP LID COFFE 16OZ,NO,ACTIVO,Fl25ReusCCEsp,,,
FALTA FOTO,1,16317,149944,11169426,Fl25Mug14Abrac,69426 C2P F25 MUG CAULDRON GID 14 OZ,NO,ACTIVO,Fl25Mug14Abrac,,,
FALTA FOTO,1,16327,149954,NA,Fl25MonVXMC,LLAVERO VASO C/TAPA OSO CJ10PZAS,NO,ACTIVO,Fl25MonVXMC,,,
FALTA FOTO,1,16433,149973,11173273,Xm25Tu12Hol,73273 C1P XM25 SS COLD COZY BB 12OZ,NO,ACTIVO,Xm25Tu12Hol,,,
FALTA FOTO,1,16439,149979,11172983,Xm25Mug12Stan,72983 C1P XM25 SS VAC MATTE GREEN 12OZ,NO,ACTIVO,Xm25Mug12Stan,,,
FALTA FOTO,1,16462,149997,11172997,Xm25RedQuen30,72997 C1P XM25 SS VAC TMBLR RED 30OZ,NO,ACTIVO,Xm25RedQuen30,,,
FALTA FOTO,1,16463,149998,11173001,Xm25Quencher30,73001 C1P XM25 SS VAC TMBLR BROWN 30OZ,NO,ACTIVO,Xm25Quencher30,,,
FALTA FOTO,1,16464,149999,11172989,Xm25StanVac16,72989 C1P XM25 SS VAC TMBLR PRLZD 16OZ,NO,ACTIVO,Xm25StanVac16,,,
FALTA FOTO,1,16467,150002,11172981,Xm25SS12Vac,72981 C2P XM25 SS VAC TMBLR RED 12OZ,NO,ACTIVO,Xm25SS12Vac,,,
FALTA FOTO,1,16468,150003,11172992,Xm25BTL20Twi,72992 C2P XM25 SS WTR BTL GREEN/RED 20OZ,NO,ACTIVO,Xm25BTL20Twi,,,
FALTA FOTO,1,16469,150004,11172988,Xm25SS16Charm,72988 C2P XM25 SS TMBLR REINDEER 16OZ,NO,ACTIVO,Xm25SS16Charm,,,
FALTA FOTO,1,16546,150043,11174811,Wt26SS30Jac,74811 C1P W26 SS VAC CTG GRDNT 30OZ,NO,ACTIVO,Wt26SS30Jac,,,
FALTA FOTO,1,16555,150052,11174810,Wt26Canteen,74810 C1P W26 SS CANTN STNLY 1L,NO,ACTIVO,Wt26Canteen,,,
FALTA FOTO,1,14922,,11141117,COR23 SS20Copper,,NO,ACTIVO,COR23 SS20Copper,,,
FALTA FOTO,1,53500,,,ResSS16TGradient,,NO,ACTIVO,ResSS16TGradient,,,
FALTA FOTO,1,53949,,,Xm25Tu12Hol,,NO,ACTIVO,Xm25Tu12Hol,,,
FALTA FOTO,1,53967,,,Xm25StopHopp,,NO,ACTIVO,Xm25StopHopp,,,
FALTA FOTO,0,11890,149353,Dinámica especial,Reusables SBX Genérico,VASO/TAPA 16OZ REUSABLE PROM1 CJ52PZAS,SÍ,SECUNDARIO,,,,
FALTA FOTO,0,11891,149354,NA,Reusables SBX Genérico,VASO/TAPA 16OZ REUSABLE PROM2 CJ52PZAS,SÍ,SECUNDARIO,,,,
FALTA FOTO,0,12327,149372,NA,Reusables SBX Genérico,VASO/TAPA 16OZ REUSABLE PROM3 CJ52PZAS,SÍ,SECUNDARIO,,,,
FALTA FOTO,0,12337,149373,NA,Reusables SBX Genérico,VASO/TAPA 16OZ REUSABLE PROM4 CJ52PZAS,SÍ,SECUNDARIO,,,,
FALTA FOTO,0,14818,149501,11141074,Reusables SBX Genérico,41074 P20P SUM23 HOT CUP LID 20OZ,SÍ,SECUNDARIO,,,,
FALTA FOTO,0,15064,149523,11144074,Reusables SBX Genérico,14074 P20P F23 REU HOT COLOR CHANGE 20OZ,SÍ,SECUNDARIO,,,,
FALTA FOTO,0,15074,149525,Dinámica especial,Reusables SBX Genérico,44083 P20P F23 REUSABLE HOT CUP LID 16OZ,SÍ,SECUNDARIO,,,,
FALTA FOTO,0,15476,149573,11149583,Reusables SBX Genérico,49583 P20P SP24 REU EARTH MONTH HOT 16OZ,SÍ,SECUNDARIO,,,,
FALTA FOTO,0,15477,149574,11149595,Reusables SBX Genérico,49595 P10P SP24 REU EARTH MONTH 24OZ,SÍ,SECUNDARIO,,,,
FALTA FOTO,0,15478,149575,Dinámica especial,Reusables SBX Genérico,49586 P20P SP24 REU HOT CUP PEARL 16OZ,SÍ,SECUNDARIO,,,,
FALTA FOTO,0,15487,149576,11150726,Reusables SBX Genérico,50726 P10P S24 REUS GREEN CLD CUP 24OZ,SÍ,SECUNDARIO,,,,
FALTA FOTO,0,15488,149577,11150727,Reusables SBX Genérico,50727 P10P S24 REUS BLUE CLD CUP 24OZ,SÍ,SECUNDARIO,,,,
FALTA FOTO,0,15500,149583,11150750,CCGlass SBX Genérico,50750 C1P S24 GLASS WTR BTL PINK 20OZ,SÍ,SECUNDARIO,,,,
FALTA FOTO,0,15501,149584,11150748,CCGlass SBX Genérico,50748 C2P S24 GLASS CLD CUP IRIDESC 18OZ,SÍ,SECUNDARIO,,,,
FALTA FOTO,0,15514,149595,11150716,Reusables SBX Genérico,50716 P20P S24 HOT CUP COLOR CHANGE 16OZ,SÍ,SECUNDARIO,,,,
FALTA FOTO,0,15741,149673,11154003,CCGlass SBX Genérico,54003 C1P F24 RECYCLD GLASS CLD CUP 16OZ,SÍ,SECUNDARIO,,,,
FALTA FOTO,0,15813,150128,11157520,Reusables SBX Genérico,57520 P20P XM24 HOT CUP GINGER 16OZ,SÍ,SECUNDARIO,,,,
FALTA FOTO,0,15814,149700,11157516,Reusables SBX Genérico,57516 P20P XM24 REUS HOT GIVEAWAY 16OZ,SÍ,SECUNDARIO,,,,
FALTA FOTO,0,15844,149708,11157517,Reusables SBX Genérico,57517 P20P XMA24 CLD CUP GIVAWAY WH 16OZ,SÍ,SECUNDARIO,,,,
FALTA FOTO,0,16088,149791,11163284,Reusables SBX Genérico,63284 C2P PNTS25 REU SHOT CUP LID 16OZ,SÍ,SECUNDARIO,,,,
FALTA FOTO,0,11809,149335,,Been There Mexico City 14 oz,87584 C4P TAZA 14OZ BEENTHERE MEX CITY,NO,SECUNDARIO,,,,
FALTA FOTO,0,11810,149336,,Been There Mexico 14 oz,87585 C4P TAZA 14OZ BEENTHERE MEXICO,NO,SECUNDARIO,,,,
FALTA FOTO,0,11811,149337,,Been There Los Cabos 14 oz,87748 C4P TAZA 14OZ BEENTHERE LOS CABOS,NO,SECUNDARIO,,,,
FALTA FOTO,0,11813,149339,,Been There Veracruz 14 oz,87589 C4P TAZA 14OZ BEENTHERE VERACRUZ,NO,SECUNDARIO,,,,
FALTA FOTO,0,11814,149340,,Been There Ensenada 14 oz,87590 C4P TAZA 14OZ BEENTHERE ENSENADA,NO,SECUNDARIO,,,,
FALTA FOTO,0,11827,150071,,Been There Acapulco 14 oz,87583 C4P TAZA 14OZ BEENTHERE ACAPULCO,NO,SECUNDARIO,,,,
FALTA FOTO,0,11828,149341,,Been There Playa del Carmen 14oz,87587 C4P TAZA 14OZ BEENTHERE PLY/CARMEN,NO,SECUNDARIO,,,,
FALTA FOTO,0,11829,149342,,Been There Cozumen 14 oz,87591 C4P TAZA 14OZ BEENTHERE COZUMEL,NO,SECUNDARIO,,,,
FALTA FOTO,0,11861,149346,,Been There Leon 14 oz,88775 C4P TAZA 14OZ BEENTHERE LEON,NO,SECUNDARIO,,,,
FALTA FOTO,0,11862,149347,,Been There Queretaro 14 oz,88776 C4P TAZA 14OZ BEENTHERE QUERETARO,NO,SECUNDARIO,,,,
FALTA FOTO,0,11863,149348,,Been There San Miguel 14 oz,88777 C4P TAZA 14OZ BEENTHERE SAN MIGUEL,NO,SECUNDARIO,,,,
FALTA FOTO,0,11864,149349,,Been There Puebla 14 oz,88778 C4P TAZA 14OZ BEENTHERE PUEBLA,NO,SECUNDARIO,,,,
FALTA FOTO,0,11865,150072,,Been There Guadalajara 14 oz,88780 C4P TZA 14OZ BEENTHERE GUADALAJARA,NO,SECUNDARIO,,,,
FALTA FOTO,0,11969,149360,,Been There Morelia 14 oz,88779 C4P TAZA 14OZ BEENTHERE MORELIA,NO,SECUNDARIO,,,,
FALTA FOTO,0,11970,150073,,Been There Monterrey 14 oz,88781 C4P TAZA 14OZ BEENTHERE MONTERREY,NO,SECUNDARIO,,,,
FALTA FOTO,0,12089,150074,,Been There Chihuahua 14 oz,90726 C4P TAZA 14OZ BEENTHERE CHIHUAHUA,NO,SECUNDARIO,,,,
FALTA FOTO,0,12090,150075,,Been There Zacatecas 14 oz,90725 C4P TAZA 14OZ BEENTHERE ZACATECAS,NO,SECUNDARIO,,,,
FALTA FOTO,0,12094,149363,,Been There Oaxaca 14 oz,90724 C4P TAZA 14OZ BEENTHERE OAXACA,NO,SECUNDARIO,,,,
FALTA FOTO,0,12095,149364,,Been There Tuxtla Gutierre 14 oz,90722 C4P TAZA 14OZ BEENTHERE CHIAPAS,NO,SECUNDARIO,,,,
FALTA FOTO,0,14782,149496,11129797,COR23 CC16 Shell,29797 C2P CORE COLD CUP SHELL 16OZ,NO,SECUNDARIO,,,,
FALTA FOTO,0,14919,150096,11141068,COR23 Tu16 Siren,41068 C2P CORE PLSTC TMBLR SIREN 16OZ,NO,SECUNDARIO,,,,
FALTA FOTO,0,15996,149751,NA,COR25CoffeeBean,MONEDERO COFFEE BEAN CJ10PZAS,NO,SECUNDARIO,,,,
FALTA FOTO,0,16121,149820,11164269,SI25Tu16Charm,64269 C1P S25 TMBLR SAFARI ZEBRA 16OZ,NO,SECUNDARIO,,,,
FALTA FOTO,0,16127,149825,11164289,Fl25SSTu16B,64289 C2P S25 SS TMBLR DR TH PINK 16OZ,NO,SECUNDARIO,,,,
FALTA FOTO,0,16130,149828,11164299,SI25SS20Zoo,64299 C2P S25 TMBLR PEARL CHEETAH 20OZ,NO,SECUNDARIO,,,,
FALTA FOTO,0,16148,149837,11164315,SII25Iceflow30,64315 C1P S25 VAC TMBLR LIME GREEN 30OZ,NO,SECUNDARIO,,,,
FALTA FOTO,0,16153,150162,11164278,SI25BTL24Zoo,64278 C2P S25 WTR BTL TWIST ANIMALS 24OZ,NO,SECUNDARIO,,,,
FALTA FOTO,0,16158,149846,11164260,Fl25Mug14Bar,64260 C2P S25 CERMC MUG PINK CHECKE 14OZ,NO,SECUNDARIO,,,,
FALTA FOTO,0,16159,149847,11164261,SI25Tz14Eleph,64261 C2P S25 CERMC MUG ELEPHANT 14OZ,NO,SECUNDARIO,,,,
FALTA FOTO,0,16160,149848,11164262,SI25Mug14Mothers,64262 C2P S25 CERMC MUG MOTHERS DAY 14OZ,NO,SECUNDARIO,,,,
FALTA FOTO,0,16161,149849,11164263,SI25DW12Mothers,64263 C2P S25 CERM TMBLR MOTHER DAY 12OZ,NO,SECUNDARIO,,,,
FALTA FOTO,0,16166,149854,11164291,SII25SS16Pearl,64291 C1P S25 TMBLR RAINBOW TASSEL 16OZ,NO,SECUNDARIO,,,,
FALTA FOTO,0,16167,149855,11164296,Fl25Tu20Silicon,64296 C2P S25 SS TMBLR PINK RED 20OZ,NO,SECUNDARIO,,,,
FALTA FOTO,0,16169,149857,11164301,SI25SSBTLZoo,64301 C2P S25 WTR BTL TWIST SIP ANI 20OZ,NO,SECUNDARIO,,,,
FALTA FOTO,0,16173,149861,11164308,SII25StanOrange,64308 C1P S25 VAC TMBLR TANGERINE 30OZ,NO,SECUNDARIO,,,,
FALTA FOTO,0,16177,149864,11164318,SII25KeyChain,64318 P4P S25 SLCN KEYCHAIN BEAR PINEAPP,NO,SECUNDARIO,,,,
FALTA FOTO,0,16181,149868,11167151,SII25CC24FRLenco,67151 C2P S25 COLD CUP LENCO 24OZ,NO,SECUNDARIO,,,,
FALTA FOTO,0,16183,149870,11167153,SII25BTL20FarmR,67153 C2P S25 WTR BTL FARM RIO 20OZ,NO,SECUNDARIO,,,,
FALTA FOTO,0,16184,149871,11167154,SII25Mug14FarmR,67154 C2P S25 MUG FARM R LENCO 14OZ,NO,SECUNDARIO,,,,
FALTA FOTO,0,16225,149883,NA,Fl25ReusDDM,GALLETA SUMMER MOD2 CJ20 PZAS62GR,NO,SECUNDARIO,,,,
FALTA FOTO,0,16259,149893,11171525,SII25CCDomeBday,71525 C2P S25 COLD CUP/LID TOP B 16OZ,NO,SECUNDARIO,,,,
FALTA FOTO,0,16260,149894,11171526,SII25CCLlavero,71526 C4P S25 COLD CUP/LID KEYCH BDAY,NO,SECUNDARIO,,,,
FALTA FOTO,0,16289,149920,11169485,Fl25PPFood,69485 C2P F25 RECYCLD FOOD STORAGE GLIT,NO,SECUNDARIO,,,,
FALTA FOTO,0,16314,149941,11169422,Fl25Mug14Bear,69422 C2P F25 MUG SPACE BEARISTA 14OZ,NO,SECUNDARIO,,,,
FALTA FOTO,0,16316,149943,11169425,Fl25Mug14Calav,69425 C2P F25 MUG CALAVERA 14OZ,NO,SECUNDARIO,,,,
FALTA FOTO,0,16324,149951,11169480,Fl25StanIceF,69480 C1P F25 VAC TBLR PINK ICEFLOW 30OZ,NO,SECUNDARIO,,,,
FALTA FOTO,0,16325,149952,11169484,Fl25CookieJar,69484 C1P F25 CERMC COOKIE JAR DARK LUS,NO,SECUNDARIO,,,,
FALTA FOTO,0,16415,149968,Dinámica especial,SII25ReusPSL,VASO/TAPA 16OZ REUSABLE PROM6 CJ52PZA,NO,SECUNDARIO,,,,
FALTA FOTO,0,16434,149974,11173272,Xm25Tu12Lux,73272 C1P XM25 SS HOTNCOLD COXY 12OZ,NO,SECUNDARIO,,,,
FALTA FOTO,0,16460,149995,11172987,Xm25SS16Knit,72987 C2P XM25 SS VAC TMBLR BLUE 16OZ,NO,SECUNDARIO,,,,
FALTA FOTO,0,16477,150012,11173043,Xm25GlassBear,73043 C2P XM25 GLASS CLD BEARISTA 20OZ,NO,SECUNDARIO,,,,
FALTA FOTO,0,16501,150022,,Xm25LlaveroBB,LLAVERO NARANJERO CJ25PZAS,NO,SECUNDARIO,,,,
FALTA FOTO,0,16542,150039,11174790,Wt26Tu16Green,74790 C2P W26 PLS TBLR 16OZ,NO,SECUNDARIO,,,,
FALTA FOTO,0,16668,152598,11176716,Sp26StanYellow20,76716 C1P SP26 SS VAC TBLR STNLY 20OZ,NO,SECUNDARIO,,,,
FALTA FOTO,0,12549,,11109974,CCGlass SBX Genérico,,SÍ,SECUNDARIO,,,,
FALTA FOTO,0,12698,,11112581,CCGlass SBX Genérico,,SÍ,SECUNDARIO,,,,
FALTA FOTO,0,12914,,11117013,CCGlass SBX Genérico,,SÍ,SECUNDARIO,,,,
FALTA FOTO,0,12915,,11117014,CCGlass SBX Genérico,,SÍ,SECUNDARIO,,,,
FALTA FOTO,0,12982,,11112578,Reusables SBX Genérico,,SÍ,SECUNDARIO,,,,
FALTA FOTO,0,13446,,11121539,Reusables SBX Genérico,,SÍ,SECUNDARIO,,,,
FALTA FOTO,0,13447,,11121582,Reusables SBX Genérico,,SÍ,SECUNDARIO,,,,
FALTA FOTO,0,13726,,11124722,Reusables SBX Genérico,,SÍ,SECUNDARIO,,,,
FALTA FOTO,0,13734,,11124925,CCGlass SBX Genérico,,SÍ,SECUNDARIO,,,,
FALTA FOTO,0,13737,,11124928,Reusables SBX,,SÍ,SECUNDARIO,,,,
FALTA FOTO,0,13738,,11111529,Reusables SBX,,SÍ,SECUNDARIO,,,,
FALTA FOTO,0,13739,,11124929,Reusables SBX Genérico,,SÍ,SECUNDARIO,,,,
FALTA FOTO,0,13740,,11124930,Reusables SBX,,SÍ,SECUNDARIO,,,,
FALTA FOTO,0,13741,,11124931,Reusables SBX,,SÍ,SECUNDARIO,,,,
FALTA FOTO,0,13746,,11107534,CCGlass SBX Genérico,,SÍ,SECUNDARIO,,,,
FALTA FOTO,0,13833,,11125924,Reusables SBX Genérico,,SÍ,SECUNDARIO,,,,
FALTA FOTO,0,13843,,11126378,Reusables SBX Genérico,,SÍ,SECUNDARIO,,,,
FALTA FOTO,0,14031,,11127803,Reusables SBX Genérico,,SÍ,SECUNDARIO,,,,
FALTA FOTO,0,14039,,11127823,Reusables SBX Genérico,,SÍ,SECUNDARIO,,,,
FALTA FOTO,0,14330,,11130698,Reusables SBX Genérico,,SÍ,SECUNDARIO,,,,
FALTA FOTO,0,14332,,11130699,Reusables SBX Genérico,,SÍ,SECUNDARIO,,,,
FALTA FOTO,0,14341,,11130714,CCGlass SBX Genérico,,SÍ,SECUNDARIO,,,,
FALTA FOTO,0,14369,,11131964,Reusables SBX Genérico,,SÍ,SECUNDARIO,,,,
FALTA FOTO,0,14425,,11131963,Reusables SBX Genérico,,SÍ,SECUNDARIO,,,,
FALTA FOTO,0,14439,,11133678,Reusables SBX Genérico,,SÍ,SECUNDARIO,,,,
FALTA FOTO,0,14452,,11133723,CCGlass SBX Genérico,,SÍ,SECUNDARIO,,,,
FALTA FOTO,0,14453,,11133697,CCGlass SBX Genérico,,SÍ,SECUNDARIO,,,,
FALTA FOTO,0,14591,,11128138,Reusables SBX Genérico,,SÍ,SECUNDARIO,,,,
FALTA FOTO,0,14592,,11135977,Reusables SBX Genérico,,SÍ,SECUNDARIO,,,,
FALTA FOTO,0,14598,,11136003,CCGlass SBX Genérico,,SÍ,SECUNDARIO,,,,
FALTA FOTO,0,14606,,11135997,CCGlass SBX Genérico,,SÍ,SECUNDARIO,,,,
FALTA FOTO,0,14708,,11138089,CCGlass SBX Genérico,,SÍ,SECUNDARIO,,,,
FALTA FOTO,0,14709,,11138091,Reusables SBX Genérico,,SÍ,SECUNDARIO,,,,
FALTA FOTO,0,14759,,11140605,Reusables SBX Genérico,,SÍ,SECUNDARIO,,,,
FALTA FOTO,0,14820,,11141055,Reusables SBX Genérico,,SÍ,SECUNDARIO,,,,
FALTA FOTO,0,14821,,11141056,Reusables SBX Genérico,,SÍ,SECUNDARIO,,,,
FALTA FOTO,0,14835,,11141097,CCGlass SBX Genérico,,SÍ,SECUNDARIO,,,,
FALTA FOTO,0,14836,,11141098,CCGlass SBX Genérico,,SÍ,SECUNDARIO,,,,
FALTA FOTO,0,14844,,11141075,Reusables SBX Genérico,,SÍ,SECUNDARIO,,,,
FALTA FOTO,0,15157,,11146265,Reusables SBX Genérico,,SÍ,SECUNDARIO,,,,
FALTA FOTO,0,15158,,11146679,Reusables SBX Genérico,,SÍ,SECUNDARIO,,,,
FALTA FOTO,0,15180,,11146148,Reusables SBX Genérico,,SÍ,SECUNDARIO,,,,
FALTA FOTO,0,15301,,11147722,Reusables SBX Genérico,,SÍ,SECUNDARIO,,,,
FALTA FOTO,0,-,,11119556,Reusables SBX Genérico,,SÍ,SECUNDARIO,,,,
FALTA FOTO,0,EA: 19 jul 13445,,11121538,Reusables SBX Genérico,,SÍ,SECUNDARIO,,,,
FALTA FOTO,0,EA: 9 ago 13448,,11121771,Reusables SBX Genérico,,SÍ,SECUNDARIO,,,,
FALTA FOTO,0,9616,,NA,ESS Chemex 15oz,,NO,SECUNDARIO,,,,
FALTA FOTO,0,11652,,,ResSS12Mercury,,NO,SECUNDARIO,,,,
FALTA FOTO,0,11968,,,Been There Villahermosa 14 oz,,NO,SECUNDARIO,,,,
FALTA FOTO,0,12480,,11103799,12480 Cafetera Green CJ/1 PZA,,NO,SECUNDARIO,,,,
FALTA FOTO,0,12642,,11090466,CAFETERA BLACK TRITAN BEAKER 8TZ,,NO,SECUNDARIO,,,,
FALTA FOTO,0,14779,,11129870,COR23 SSCC24 Sir,,NO,SECUNDARIO,,,,
FALTA FOTO,0,14780,,11129720,COR23 CC16 TinST,,NO,SECUNDARIO,,,,
FALTA FOTO,0,14781,,11129821,COR23CC16 irid,,NO,SECUNDARIO,,,,
FALTA FOTO,0,14783,,11129846,COR23 KeyR TinST,,NO,SECUNDARIO,,,,
FALTA FOTO,0,15791,,,Res SS16GoldLeaf,,NO,SECUNDARIO,,,,
FALTA FOTO,0,15792,,,Res SS16TuBlack,,NO,SECUNDARIO,,,,
FALTA FOTO,0,53501,,,ResSS16TuBlue,,NO,SECUNDARIO,,,,
FALTA FOTO,0,53502,,,ResSS10Triped,,NO,SECUNDARIO,,,,
FALTA FOTO,0,53761,,,SI25ReusMom,,NO,SECUNDARIO,,,,
FALTA FOTO,0,53833,,,Reusables SBX Genérico,,NO,SECUNDARIO,,,,
FALTA FOTO,0,53846,,,CCup Glass SBX Genérico,,NO,SECUNDARIO,,,,
FALTA FOTO,0,53894,,,Fl25ReusDDM,,NO,SECUNDARIO,,,,
FALTA FOTO,0,53948,,,Xm25Tu12Lux,,NO,SECUNDARIO,,,,
FALTA FOTO,0,54092,,,Sp26CookieBucket,,NO,SECUNDARIO,,,,
FALTA FOTO,0,54168,,,WC26Balon,,NO,SECUNDARIO,,,,
FALTA FOTO,0,54202,,,SII26ReusPSL,,NO,SECUNDARIO,,,,
